# ************************************************************
# Sequel Pro SQL dump
# Version 4541
#
# http://www.sequelpro.com/
# https://github.com/sequelpro/sequelpro
#
# Host: 127.0.0.1 (MySQL 5.5.5-10.2.9-MariaDB)
# Database: psr4
# Generation Time: 2018-02-24 09:43:52 +0000
# ************************************************************


/*!40101 SET @OLD_CHARACTER_SET_CLIENT=@@CHARACTER_SET_CLIENT */;
/*!40101 SET @OLD_CHARACTER_SET_RESULTS=@@CHARACTER_SET_RESULTS */;
/*!40101 SET @OLD_COLLATION_CONNECTION=@@COLLATION_CONNECTION */;
/*!40101 SET NAMES utf8 */;
/*!40014 SET @OLD_FOREIGN_KEY_CHECKS=@@FOREIGN_KEY_CHECKS, FOREIGN_KEY_CHECKS=0 */;
/*!40101 SET @OLD_SQL_MODE=@@SQL_MODE, SQL_MODE='NO_AUTO_VALUE_ON_ZERO' */;
/*!40111 SET @OLD_SQL_NOTES=@@SQL_NOTES, SQL_NOTES=0 */;


# Dump of table countries
# ------------------------------------------------------------

DROP TABLE IF EXISTS `countries`;

CREATE TABLE `countries` (
  `id` int(10) unsigned NOT NULL AUTO_INCREMENT,
  `name` varchar(20) NOT NULL,
  PRIMARY KEY (`id`)
) ENGINE=InnoDB AUTO_INCREMENT=7 DEFAULT CHARSET=utf8;

LOCK TABLES `countries` WRITE;
/*!40000 ALTER TABLE `countries` DISABLE KEYS */;

INSERT INTO `countries` (`id`, `name`)
VALUES
	(1,'Switzerland'),
	(2,'Deutschland'),
	(3,'Serbia'),
	(4,'Italy'),
	(5,'Danmark'),
	(6,'Nederland');

/*!40000 ALTER TABLE `countries` ENABLE KEYS */;
UNLOCK TABLES;


# Dump of table customers
# ------------------------------------------------------------

DROP TABLE IF EXISTS `customers`;

CREATE TABLE `customers` (
  `id` int(10) unsigned NOT NULL AUTO_INCREMENT,
  `first_name` varchar(50) NOT NULL,
  `last_name` varchar(50) NOT NULL,
  `email` varchar(50) NOT NULL,
  PRIMARY KEY (`id`)
) ENGINE=InnoDB AUTO_INCREMENT=17 DEFAULT CHARSET=utf8;

LOCK TABLES `customers` WRITE;
/*!40000 ALTER TABLE `customers` DISABLE KEYS */;

INSERT INTO `customers` (`id`, `first_name`, `last_name`, `email`)
VALUES
	(1,'Smith','Myint','smith.myint@domain.com'),
	(2,'Johnson','Qadir','johnson.qadir@domain.com'),
	(3,'Clarke','Myerson','clarke.myerson@domain.com'),
	(4,'Bakker','Haab','bakker.haab@domain.com'),
	(9,'Lucas','Peters','lucas@domain.com'),
	(10,'Mathias','Hendriks','mathias@domain.com'),
	(11,'Clara','Dekker','clara@domain.com'),
	(12,'Nathan','Brouwer','nathan@domain.com'),
	(13,'Oceana','Dijkstra','oceana@domain.com'),
	(14,'Hugo','Smits','hudo@domain.com'),
	(15,'Marie','De Graaf','marie@domain.com'),
	(16,'Leon','Vos','leon@domain.com');

/*!40000 ALTER TABLE `customers` ENABLE KEYS */;
UNLOCK TABLES;


# Dump of table devices
# ------------------------------------------------------------

DROP TABLE IF EXISTS `devices`;

CREATE TABLE `devices` (
  `id` int(10) unsigned NOT NULL AUTO_INCREMENT,
  `name` varchar(20) NOT NULL,
  PRIMARY KEY (`id`)
) ENGINE=InnoDB AUTO_INCREMENT=3 DEFAULT CHARSET=utf8;

LOCK TABLES `devices` WRITE;
/*!40000 ALTER TABLE `devices` DISABLE KEYS */;

INSERT INTO `devices` (`id`, `name`)
VALUES
	(1,'Android'),
	(2,'iOS');

/*!40000 ALTER TABLE `devices` ENABLE KEYS */;
UNLOCK TABLES;


# Dump of table order_item
# ------------------------------------------------------------

DROP TABLE IF EXISTS `order_item`;

CREATE TABLE `order_item` (
  `id` int(10) unsigned NOT NULL AUTO_INCREMENT,
  `order_id` int(10) unsigned NOT NULL,
  `ean` varchar(20) NOT NULL,
  `quantity` int(1) NOT NULL,
  `price` decimal(7,2) NOT NULL,
  PRIMARY KEY (`id`),
  KEY `order_id` (`order_id`),
  CONSTRAINT `order_item_ibfk_1` FOREIGN KEY (`order_id`) REFERENCES `orders` (`id`)
) ENGINE=InnoDB AUTO_INCREMENT=2649 DEFAULT CHARSET=utf8;

LOCK TABLES `order_item` WRITE;
/*!40000 ALTER TABLE `order_item` DISABLE KEYS */;

INSERT INTO `order_item` (`id`, `order_id`, `ean`, `quantity`, `price`)
VALUES
	(1,1,'1852135',8,2.00),
	(2,2,'2207935',10,4.00),
	(3,2,'6592747',1,2.00),
	(4,3,'4845834',6,4.00),
	(5,3,'8805338',2,1.00),
	(6,3,'6616169',1,3.00),
	(7,3,'3271260',4,2.00),
	(8,3,'1531324',2,1.00),
	(9,3,'8539091',9,5.00),
	(10,3,'2380847',10,4.00),
	(11,3,'2466851',5,3.00),
	(12,3,'3510106',9,2.00),
	(13,4,'8826907',2,3.00),
	(14,4,'3693086',4,2.00),
	(15,4,'4613933',4,3.00),
	(16,4,'1822003',1,2.00),
	(17,4,'7253185',8,3.00),
	(18,4,'4186369',6,4.00),
	(19,5,'7586952',9,1.00),
	(20,5,'7005921',8,2.00),
	(21,6,'379950',10,5.00),
	(22,6,'9249730',7,4.00),
	(23,6,'5346160',6,4.00),
	(24,6,'423674',5,3.00),
	(25,7,'9302709',8,4.00),
	(26,7,'3542804',4,2.00),
	(27,7,'7205372',5,4.00),
	(28,7,'515066',5,5.00),
	(29,7,'6860604',6,5.00),
	(30,7,'2912755',1,2.00),
	(31,8,'8921906',7,5.00),
	(32,8,'7026034',10,4.00),
	(33,8,'3014693',6,3.00),
	(34,8,'7278791',2,4.00),
	(35,8,'1655953',5,1.00),
	(36,8,'6726047',2,2.00),
	(37,8,'4765700',7,1.00),
	(38,9,'5626081',5,2.00),
	(39,9,'3822461',9,2.00),
	(40,9,'4036503',2,4.00),
	(41,9,'4369008',3,5.00),
	(42,9,'7737174',2,5.00),
	(43,9,'298945',2,5.00),
	(44,10,'1649936',1,1.00),
	(45,11,'5419196',8,2.00),
	(46,11,'2272586',3,4.00),
	(47,11,'4975350',8,1.00),
	(48,11,'1748379',2,3.00),
	(49,11,'4008984',6,3.00),
	(50,11,'1547591',10,5.00),
	(51,11,'4385673',2,1.00),
	(52,11,'6240813',3,1.00),
	(53,12,'4919978',2,5.00),
	(54,12,'1958077',9,5.00),
	(55,12,'6052561',8,1.00),
	(56,13,'1977398',2,1.00),
	(57,13,'4302443',7,5.00),
	(58,14,'2774860',5,2.00),
	(59,15,'3648586',10,5.00),
	(60,15,'267199',7,5.00),
	(61,15,'6932619',6,1.00),
	(62,15,'7390096',5,5.00),
	(63,16,'7605903',8,3.00),
	(64,16,'4125375',4,2.00),
	(65,16,'3578150',2,1.00),
	(66,17,'9996550',2,4.00),
	(67,17,'5239479',5,2.00),
	(68,17,'5903493',10,2.00),
	(69,17,'8174875',4,3.00),
	(70,17,'8291503',10,4.00),
	(71,17,'7649976',7,3.00),
	(72,18,'4205109',9,3.00),
	(73,18,'6530176',10,1.00),
	(74,18,'3751735',3,3.00),
	(75,18,'9766687',7,4.00),
	(76,18,'8595274',4,1.00),
	(77,18,'802722',7,4.00),
	(78,18,'6351262',4,3.00),
	(79,19,'7725559',9,3.00),
	(80,19,'5486302',9,4.00),
	(81,19,'4296689',7,1.00),
	(82,19,'7263759',2,1.00),
	(83,19,'2369867',9,3.00),
	(84,19,'8421850',7,4.00),
	(85,19,'4060681',4,4.00),
	(86,19,'8440414',10,2.00),
	(87,19,'9531097',1,5.00),
	(88,20,'7752263',7,3.00),
	(89,20,'673918',5,4.00),
	(90,20,'7236903',4,4.00),
	(91,20,'769310',9,4.00),
	(92,21,'3197715',7,4.00),
	(93,21,'5399247',2,1.00),
	(94,21,'227848',10,2.00),
	(95,21,'5474295',9,1.00),
	(96,21,'6883571',7,3.00),
	(97,21,'6078782',7,1.00),
	(98,21,'133688',10,2.00),
	(99,21,'5980495',2,3.00),
	(100,21,'1349107',4,2.00),
	(101,21,'3736726',3,3.00),
	(102,22,'8263135',7,1.00),
	(103,23,'616235',10,2.00),
	(104,23,'9966493',5,2.00),
	(105,23,'2425603',1,4.00),
	(106,24,'7354738',2,2.00),
	(107,24,'6099352',2,3.00),
	(108,24,'8511659',8,5.00),
	(109,24,'8013848',1,2.00),
	(110,25,'2110395',7,4.00),
	(111,26,'3107459',3,5.00),
	(112,26,'5780805',7,2.00),
	(113,26,'3052648',9,5.00),
	(114,26,'542195',5,1.00),
	(115,26,'9640185',9,1.00),
	(116,26,'2212860',7,4.00),
	(117,26,'2731476',3,5.00),
	(118,26,'1818375',7,1.00),
	(119,26,'7092007',2,2.00),
	(120,27,'4524838',4,1.00),
	(121,27,'5635586',8,1.00),
	(122,27,'5709699',4,3.00),
	(123,27,'8432997',10,4.00),
	(124,27,'7042167',9,2.00),
	(125,27,'8063520',4,3.00),
	(126,27,'3476493',4,3.00),
	(127,27,'7546251',3,1.00),
	(128,27,'3565241',3,5.00),
	(129,28,'1705393',3,3.00),
	(130,28,'8818248',10,3.00),
	(131,28,'2060983',5,4.00),
	(132,28,'1504883',2,2.00),
	(133,28,'5412613',10,2.00),
	(134,28,'7888813',8,2.00),
	(135,28,'4853184',1,3.00),
	(136,28,'8488390',4,3.00),
	(137,29,'5206734',4,4.00),
	(138,29,'4843936',4,4.00),
	(139,29,'9676436',9,2.00),
	(140,29,'4292129',10,5.00),
	(141,30,'259856',1,4.00),
	(142,30,'6118068',10,4.00),
	(143,30,'3180521',2,4.00),
	(144,31,'9706255',3,3.00),
	(145,31,'3361861',7,3.00),
	(146,31,'8038932',2,5.00),
	(147,31,'3564250',6,3.00),
	(148,31,'5275348',3,4.00),
	(149,31,'2755700',4,3.00),
	(150,31,'1207502',8,1.00),
	(151,31,'7715520',6,4.00),
	(152,32,'9817759',3,1.00),
	(153,32,'3644584',1,2.00),
	(154,32,'1671078',7,3.00),
	(155,33,'2281904',5,5.00),
	(156,33,'2801652',1,5.00),
	(157,33,'5837387',4,5.00),
	(158,33,'5093293',2,3.00),
	(159,33,'8260579',6,2.00),
	(160,33,'5504135',6,5.00),
	(161,33,'3818310',4,5.00),
	(162,33,'5985282',1,5.00),
	(163,33,'7896377',9,2.00),
	(164,33,'3209310',9,4.00),
	(165,34,'7922359',5,4.00),
	(166,34,'5781492',1,4.00),
	(167,34,'4135410',9,4.00),
	(168,34,'282779',4,1.00),
	(169,34,'889168',3,5.00),
	(170,34,'2419663',5,2.00),
	(171,35,'1216806',6,5.00),
	(172,35,'6659026',6,1.00),
	(173,36,'6116853',2,3.00),
	(174,36,'5617396',6,2.00),
	(175,36,'1454521',5,5.00),
	(176,36,'6977346',3,3.00),
	(177,37,'1049913',5,4.00),
	(178,37,'661657',4,5.00),
	(179,37,'6664698',10,2.00),
	(180,37,'551343',4,3.00),
	(181,38,'9774978',4,2.00),
	(182,38,'441726',1,3.00),
	(183,38,'5772651',8,5.00),
	(184,38,'9916530',5,5.00),
	(185,38,'7363164',4,5.00),
	(186,39,'4990060',8,2.00),
	(187,39,'1437449',10,4.00),
	(188,39,'6049616',4,5.00),
	(189,39,'7742635',9,3.00),
	(190,39,'1426919',7,2.00),
	(191,39,'6825479',7,1.00),
	(192,39,'6081340',6,1.00),
	(193,40,'7006154',6,5.00),
	(194,40,'3757178',4,4.00),
	(195,40,'1935364',4,3.00),
	(196,40,'2592817',4,1.00),
	(197,40,'7276282',3,2.00),
	(198,41,'4827969',6,5.00),
	(199,41,'1486945',9,5.00),
	(200,41,'6608625',8,4.00),
	(201,41,'5565853',10,3.00),
	(202,41,'4520230',3,2.00),
	(203,41,'9225634',9,4.00),
	(204,42,'2438666',4,3.00),
	(205,42,'636067',6,3.00),
	(206,42,'2485462',3,5.00),
	(207,42,'5943348',5,4.00),
	(208,42,'373453',9,2.00),
	(209,42,'9983368',4,3.00),
	(210,42,'9482934',8,1.00),
	(211,42,'1622630',5,2.00),
	(212,42,'9192278',6,2.00),
	(213,42,'9130411',6,2.00),
	(214,43,'5955121',7,2.00),
	(215,44,'6219039',6,2.00),
	(216,44,'1410025',5,3.00),
	(217,44,'6527414',8,3.00),
	(218,44,'8548950',3,4.00),
	(219,44,'289891',1,3.00),
	(220,44,'7503306',6,4.00),
	(221,44,'9876378',9,3.00),
	(222,44,'5567820',6,3.00),
	(223,44,'5654861',4,1.00),
	(224,45,'5405003',4,3.00),
	(225,45,'2831231',1,3.00),
	(226,45,'6942925',4,1.00),
	(227,45,'2817077',10,2.00),
	(228,45,'7180324',10,1.00),
	(229,45,'6037771',5,3.00),
	(230,45,'4330025',8,2.00),
	(231,45,'5599638',2,2.00),
	(232,45,'1554611',5,5.00),
	(233,45,'6400368',9,4.00),
	(234,46,'5813241',4,4.00),
	(235,46,'9495897',9,4.00),
	(236,46,'1023328',4,1.00),
	(237,46,'7004528',9,3.00),
	(238,46,'426855',9,3.00),
	(239,47,'8718941',7,5.00),
	(240,47,'2683639',8,1.00),
	(241,47,'9292046',5,3.00),
	(242,47,'1107547',2,5.00),
	(243,47,'8248782',2,3.00),
	(244,47,'8955552',5,3.00),
	(245,47,'7393659',6,5.00),
	(246,47,'7176449',9,4.00),
	(247,47,'8819569',9,4.00),
	(248,47,'408808',7,5.00),
	(249,48,'1104211',9,2.00),
	(250,48,'1325083',3,2.00),
	(251,48,'5168265',2,1.00),
	(252,48,'1964701',9,2.00),
	(253,48,'249793',10,3.00),
	(254,49,'5100083',1,3.00),
	(255,49,'8433020',1,1.00),
	(256,49,'912302',2,1.00),
	(257,49,'9162478',4,5.00),
	(258,49,'1829239',1,3.00),
	(259,49,'6289816',7,3.00),
	(260,49,'5085547',7,2.00),
	(261,50,'7303594',10,5.00),
	(262,50,'2428598',8,5.00),
	(263,50,'4955966',5,4.00),
	(264,50,'1436710',2,2.00),
	(265,50,'6373371',10,3.00),
	(266,51,'5034462',3,5.00),
	(267,51,'7579154',4,5.00),
	(268,51,'3409266',5,5.00),
	(269,51,'9005481',6,3.00),
	(270,51,'6764014',5,3.00),
	(271,52,'4993632',1,4.00),
	(272,52,'7195771',2,1.00),
	(273,52,'6960759',4,5.00),
	(274,52,'5595874',4,3.00),
	(275,53,'2963489',8,1.00),
	(276,53,'1366711',10,3.00),
	(277,53,'3334928',9,5.00),
	(278,53,'733742',10,4.00),
	(279,54,'2247342',2,3.00),
	(280,54,'7573377',1,4.00),
	(281,54,'7479357',3,4.00),
	(282,54,'7186184',5,1.00),
	(283,54,'8444988',2,3.00),
	(284,55,'4409019',5,3.00),
	(285,55,'4451813',5,5.00),
	(286,55,'2656803',7,4.00),
	(287,56,'7240595',7,2.00),
	(288,56,'3394583',1,1.00),
	(289,56,'7780248',7,5.00),
	(290,56,'3173040',10,1.00),
	(291,56,'3069739',10,5.00),
	(292,56,'5106093',8,1.00),
	(293,56,'2558365',9,1.00),
	(294,56,'4542137',8,3.00),
	(295,57,'2511905',3,2.00),
	(296,57,'8027876',1,5.00),
	(297,57,'3692251',9,3.00),
	(298,57,'1785144',2,2.00),
	(299,57,'4404176',8,1.00),
	(300,57,'3735152',4,2.00),
	(301,57,'2707103',5,1.00),
	(302,57,'7209078',1,4.00),
	(303,58,'2192519',5,2.00),
	(304,58,'533894',5,1.00),
	(305,59,'5943853',8,1.00),
	(306,59,'305400',9,5.00),
	(307,59,'922525',10,3.00),
	(308,59,'2151511',10,4.00),
	(309,59,'4492657',8,1.00),
	(310,59,'198925',8,4.00),
	(311,59,'2548276',6,3.00),
	(312,59,'6703493',2,4.00),
	(313,59,'2987361',6,2.00),
	(314,60,'3262975',5,1.00),
	(315,60,'3099811',9,5.00),
	(316,60,'5995860',9,4.00),
	(317,60,'6208355',10,2.00),
	(318,61,'2605848',2,5.00),
	(319,61,'595212',2,4.00),
	(320,61,'1937835',10,2.00),
	(321,61,'490817',7,2.00),
	(322,61,'838003',7,5.00),
	(323,61,'9818126',6,3.00),
	(324,61,'8153916',6,4.00),
	(325,61,'6911242',5,2.00),
	(326,61,'5775655',8,3.00),
	(327,61,'4936946',1,5.00),
	(328,62,'4710113',10,4.00),
	(329,62,'5387185',8,1.00),
	(330,62,'2128359',3,1.00),
	(331,63,'5655766',2,5.00),
	(332,63,'7440905',1,2.00),
	(333,63,'1893432',2,5.00),
	(334,63,'553951',6,5.00),
	(335,63,'3211350',2,3.00),
	(336,63,'8544163',5,3.00),
	(337,63,'2190806',3,3.00),
	(338,63,'1545729',8,1.00),
	(339,63,'2080520',2,4.00),
	(340,64,'5668841',10,5.00),
	(341,64,'9258249',8,3.00),
	(342,64,'5204232',1,2.00),
	(343,64,'4482035',7,4.00),
	(344,64,'7311406',3,1.00),
	(345,64,'1874250',4,2.00),
	(346,64,'6609758',7,4.00),
	(347,64,'1302477',2,4.00),
	(348,65,'9972228',5,1.00),
	(349,65,'9494639',1,2.00),
	(350,66,'3262504',6,1.00),
	(351,66,'895211',3,2.00),
	(352,66,'4274269',3,2.00),
	(353,66,'8707427',1,4.00),
	(354,67,'7156494',8,5.00),
	(355,67,'6618679',9,5.00),
	(356,67,'6586668',5,2.00),
	(357,67,'2684577',8,2.00),
	(358,67,'2893406',8,5.00),
	(359,68,'1405809',6,4.00),
	(360,68,'2553635',10,5.00),
	(361,68,'2951006',1,3.00),
	(362,68,'8489586',4,3.00),
	(363,68,'8617422',9,1.00),
	(364,68,'1072760',9,3.00),
	(365,68,'1152441',7,3.00),
	(366,68,'9265524',9,2.00),
	(367,69,'6058067',10,1.00),
	(368,69,'5941172',9,2.00),
	(369,69,'132947',3,3.00),
	(370,69,'268936',6,1.00),
	(371,69,'6575122',2,2.00),
	(372,69,'2521595',10,3.00),
	(373,70,'3666179',6,3.00),
	(374,70,'3472867',3,1.00),
	(375,71,'6924116',8,5.00),
	(376,71,'8964001',7,2.00),
	(377,71,'7873194',1,5.00),
	(378,71,'4103174',1,4.00),
	(379,71,'1359555',5,2.00),
	(380,71,'9246363',2,5.00),
	(381,71,'7125282',4,2.00),
	(382,71,'7219222',10,2.00),
	(383,71,'5159946',1,4.00),
	(384,72,'767220',2,5.00),
	(385,73,'6899198',5,4.00),
	(386,74,'3846287',9,5.00),
	(387,74,'8251242',7,2.00),
	(388,74,'9981938',5,3.00),
	(389,74,'783546',4,3.00),
	(390,74,'8926437',7,5.00),
	(391,74,'121521',3,4.00),
	(392,74,'9260639',2,5.00),
	(393,74,'7133506',5,2.00),
	(394,74,'8425583',1,1.00),
	(395,75,'3092130',4,5.00),
	(396,75,'6201041',9,3.00),
	(397,75,'1954966',3,4.00),
	(398,75,'1243052',6,5.00),
	(399,75,'7520434',5,4.00),
	(400,75,'6614915',9,3.00),
	(401,76,'8524164',10,5.00),
	(402,76,'3974040',7,4.00),
	(403,76,'5118504',9,4.00),
	(404,76,'4146461',7,3.00),
	(405,77,'8821034',8,3.00),
	(406,78,'3278246',1,4.00),
	(407,78,'4763793',1,4.00),
	(408,78,'2013689',2,2.00),
	(409,79,'5305650',1,4.00),
	(410,79,'2410990',4,2.00),
	(411,79,'3396442',5,4.00),
	(412,79,'9337062',4,2.00),
	(413,79,'2895417',1,5.00),
	(414,79,'2880431',3,2.00),
	(415,79,'295520',9,3.00),
	(416,79,'2963927',7,3.00),
	(417,80,'3805230',5,3.00),
	(418,80,'3691202',10,3.00),
	(419,80,'8349496',6,4.00),
	(420,80,'3423187',4,5.00),
	(421,80,'9726477',7,1.00),
	(422,80,'8864836',2,3.00),
	(423,80,'7018527',8,5.00),
	(424,80,'6055656',5,4.00),
	(425,80,'4987516',7,3.00),
	(426,80,'637472',7,2.00),
	(427,81,'2819633',6,3.00),
	(428,81,'5504524',6,3.00),
	(429,81,'6423669',4,5.00),
	(430,81,'8261782',8,1.00),
	(431,81,'2207322',2,1.00),
	(432,81,'3523052',9,4.00),
	(433,81,'6859237',8,1.00),
	(434,81,'6840594',4,5.00),
	(435,81,'7102863',5,2.00),
	(436,81,'7622617',9,3.00),
	(437,82,'9764716',3,5.00),
	(438,82,'6746861',8,2.00),
	(439,82,'3730722',1,1.00),
	(440,82,'9715222',10,3.00),
	(441,82,'4414387',5,3.00),
	(442,83,'6396427',5,3.00),
	(443,83,'6222643',10,5.00),
	(444,83,'1080673',9,2.00),
	(445,83,'3990549',9,4.00),
	(446,83,'800178',5,2.00),
	(447,83,'1824785',2,2.00),
	(448,84,'5893883',2,2.00),
	(449,84,'2412259',7,5.00),
	(450,84,'4242418',3,1.00),
	(451,85,'3250259',2,5.00),
	(452,85,'542092',6,2.00),
	(453,85,'9110081',2,1.00),
	(454,85,'5960236',5,4.00),
	(455,85,'8136909',1,1.00),
	(456,85,'2333680',3,4.00),
	(457,85,'9748596',3,4.00),
	(458,85,'4456221',9,3.00),
	(459,85,'5657501',2,1.00),
	(460,86,'5618609',8,2.00),
	(461,86,'6868683',2,1.00),
	(462,86,'2906377',1,4.00),
	(463,86,'1881728',4,1.00),
	(464,86,'3003911',8,1.00),
	(465,86,'718339',4,3.00),
	(466,87,'4251922',4,1.00),
	(467,87,'2181391',10,2.00),
	(468,87,'2660940',6,2.00),
	(469,87,'5238104',6,5.00),
	(470,87,'8820724',6,4.00),
	(471,87,'1767025',5,3.00),
	(472,87,'9909521',10,2.00),
	(473,87,'1577501',7,5.00),
	(474,87,'4184784',5,2.00),
	(475,88,'6018082',5,2.00),
	(476,88,'5321482',10,4.00),
	(477,88,'1952383',6,5.00),
	(478,88,'6508432',1,4.00),
	(479,88,'313229',4,4.00),
	(480,88,'240658',6,2.00),
	(481,88,'961300',10,2.00),
	(482,88,'7321556',5,4.00),
	(483,89,'6184208',3,1.00),
	(484,90,'7609863',4,2.00),
	(485,90,'1251752',6,3.00),
	(486,90,'5227176',9,5.00),
	(487,90,'5056360',5,1.00),
	(488,90,'2217328',6,4.00),
	(489,90,'3387181',10,2.00),
	(490,90,'5573324',5,3.00),
	(491,90,'2572140',5,2.00),
	(492,90,'5580420',6,1.00),
	(493,91,'4328734',9,2.00),
	(494,91,'6184894',2,1.00),
	(495,91,'6821800',6,2.00),
	(496,91,'9876017',8,3.00),
	(497,92,'436333',9,1.00),
	(498,92,'5201045',9,3.00),
	(499,92,'3811873',10,1.00),
	(500,93,'5951428',3,5.00),
	(501,93,'8106381',8,3.00),
	(502,93,'6994278',2,3.00),
	(503,93,'8446663',9,5.00),
	(504,93,'551054',9,2.00),
	(505,94,'5642558',1,2.00),
	(506,94,'7499547',7,5.00),
	(507,94,'5447394',7,2.00),
	(508,94,'8773943',9,2.00),
	(509,95,'1308817',7,4.00),
	(510,95,'3591059',7,3.00),
	(511,95,'3546313',1,4.00),
	(512,95,'2965644',8,5.00),
	(513,96,'3342294',4,1.00),
	(514,96,'8529287',6,2.00),
	(515,96,'8507009',2,1.00),
	(516,96,'6640627',9,2.00),
	(517,96,'526167',9,5.00),
	(518,96,'5972868',4,1.00),
	(519,96,'7972412',10,3.00),
	(520,96,'1272976',7,1.00),
	(521,96,'8121008',6,3.00),
	(522,96,'8931224',5,3.00),
	(523,97,'5655011',3,4.00),
	(524,97,'8866461',1,2.00),
	(525,97,'7509098',10,1.00),
	(526,97,'7362014',7,5.00),
	(527,97,'9638242',5,3.00),
	(528,97,'875903',10,3.00),
	(529,97,'1800281',2,4.00),
	(530,97,'5694340',2,4.00),
	(531,97,'7132697',6,3.00),
	(532,97,'1136664',5,3.00),
	(533,98,'3621434',3,4.00),
	(534,98,'5848505',3,4.00),
	(535,98,'8100200',2,2.00),
	(536,98,'9130359',8,1.00),
	(537,98,'7698685',4,3.00),
	(538,98,'1549790',10,1.00),
	(539,99,'3492181',2,1.00),
	(540,99,'1442585',2,5.00),
	(541,99,'9390137',4,1.00),
	(542,99,'2622952',9,3.00),
	(543,100,'375290',9,5.00),
	(544,101,'5228867',7,3.00),
	(545,101,'6695965',7,5.00),
	(546,101,'6288093',1,1.00),
	(547,101,'3276128',3,4.00),
	(548,102,'2953524',2,1.00),
	(549,102,'6104598',8,2.00),
	(550,102,'1102942',3,5.00),
	(551,103,'370335',2,4.00),
	(552,104,'3868544',2,3.00),
	(553,104,'9211216',6,1.00),
	(554,105,'9460460',6,3.00),
	(555,105,'6077827',10,3.00),
	(556,105,'3131546',7,1.00),
	(557,105,'9975549',5,2.00),
	(558,106,'119709',9,3.00),
	(559,106,'1076658',5,2.00),
	(560,106,'9174411',8,5.00),
	(561,106,'3151584',8,5.00),
	(562,106,'4326097',1,1.00),
	(563,106,'8649171',9,5.00),
	(564,106,'9284927',6,4.00),
	(565,107,'1501248',4,5.00),
	(566,107,'8412330',7,4.00),
	(567,108,'2210193',3,5.00),
	(568,108,'7103792',9,4.00),
	(569,109,'4406704',7,1.00),
	(570,109,'6185065',1,1.00),
	(571,109,'2196080',8,3.00),
	(572,109,'8540640',2,3.00),
	(573,109,'4843154',4,1.00),
	(574,109,'9322818',3,4.00),
	(575,109,'3229960',7,2.00),
	(576,109,'3600570',5,3.00),
	(577,109,'5399213',4,5.00),
	(578,110,'1541357',5,5.00),
	(579,110,'541881',10,3.00),
	(580,110,'1998752',4,2.00),
	(581,110,'8118698',10,3.00),
	(582,110,'9692836',4,2.00),
	(583,110,'8852867',1,4.00),
	(584,110,'9891289',9,5.00),
	(585,110,'7601152',2,5.00),
	(586,111,'8037206',6,2.00),
	(587,111,'7902178',7,1.00),
	(588,111,'2852046',4,4.00),
	(589,111,'6013513',1,2.00),
	(590,111,'5386395',4,4.00),
	(591,112,'7671316',5,1.00),
	(592,113,'3644494',5,5.00),
	(593,113,'9668037',7,3.00),
	(594,113,'2738096',1,5.00),
	(595,113,'1805037',1,3.00),
	(596,113,'6355780',2,3.00),
	(597,113,'6078514',4,2.00),
	(598,113,'6463072',8,4.00),
	(599,113,'2352284',4,4.00),
	(600,114,'5470219',3,2.00),
	(601,114,'4663737',6,2.00),
	(602,114,'9730982',5,3.00),
	(603,115,'7013912',3,2.00),
	(604,115,'1898856',2,2.00),
	(605,115,'2363031',9,4.00),
	(606,115,'5802591',4,4.00),
	(607,115,'2811495',2,1.00),
	(608,115,'8928525',2,4.00),
	(609,115,'1662781',9,4.00),
	(610,115,'8994442',4,4.00),
	(611,116,'6695940',5,1.00),
	(612,116,'6556285',8,5.00),
	(613,116,'9138448',3,4.00),
	(614,116,'5650058',7,3.00),
	(615,116,'6607740',10,3.00),
	(616,116,'6831595',2,1.00),
	(617,116,'1270790',8,4.00),
	(618,116,'7697053',5,4.00),
	(619,116,'1005296',5,2.00),
	(620,117,'2649134',5,1.00),
	(621,117,'482662',4,4.00),
	(622,117,'8186024',4,2.00),
	(623,117,'7264619',7,1.00),
	(624,117,'2845809',9,1.00),
	(625,117,'9663775',2,5.00),
	(626,117,'2187990',3,2.00),
	(627,117,'1354820',9,5.00),
	(628,117,'1479078',10,2.00),
	(629,118,'383209',7,2.00),
	(630,118,'4454659',7,2.00),
	(631,118,'5919186',6,1.00),
	(632,118,'1359432',2,4.00),
	(633,118,'6737875',6,2.00),
	(634,118,'5832525',9,1.00),
	(635,119,'4275767',9,5.00),
	(636,119,'2986417',4,2.00),
	(637,119,'9465058',8,3.00),
	(638,119,'2395027',10,4.00),
	(639,119,'9806363',3,4.00),
	(640,120,'6194578',7,5.00),
	(641,120,'9953953',2,3.00),
	(642,120,'4778456',4,4.00),
	(643,121,'1001954',9,4.00),
	(644,121,'6255447',5,1.00),
	(645,122,'8868173',8,2.00),
	(646,122,'2281502',3,5.00),
	(647,122,'3913276',10,5.00),
	(648,122,'8745995',7,2.00),
	(649,122,'3197651',4,2.00),
	(650,122,'2650053',4,4.00),
	(651,122,'8373570',6,5.00),
	(652,122,'4362006',10,1.00),
	(653,123,'2535710',5,2.00),
	(654,123,'3059468',1,3.00),
	(655,123,'6685589',7,5.00),
	(656,123,'8894953',4,4.00),
	(657,123,'1574898',5,3.00),
	(658,123,'2893802',6,1.00),
	(659,124,'2542107',8,4.00),
	(660,124,'6319998',10,1.00),
	(661,124,'8825711',1,4.00),
	(662,124,'4919004',9,5.00),
	(663,124,'1726174',2,1.00),
	(664,125,'8233183',10,3.00),
	(665,125,'8686005',4,2.00),
	(666,125,'7287482',6,3.00),
	(667,126,'6331652',6,1.00),
	(668,126,'1722385',4,3.00),
	(669,126,'2492689',6,3.00),
	(670,126,'2209604',9,4.00),
	(671,126,'3068600',7,4.00),
	(672,126,'8803091',4,1.00),
	(673,126,'5986591',1,5.00),
	(674,126,'9057683',9,5.00),
	(675,127,'9494282',8,1.00),
	(676,127,'275759',5,3.00),
	(677,127,'3416605',1,3.00),
	(678,127,'9417413',3,4.00),
	(679,127,'5327471',9,1.00),
	(680,127,'2236759',1,1.00),
	(681,127,'4119934',1,5.00),
	(682,127,'1022332',9,4.00),
	(683,128,'4450261',10,1.00),
	(684,128,'4809894',1,2.00),
	(685,128,'3543480',10,2.00),
	(686,128,'4494197',5,3.00),
	(687,128,'6743775',3,3.00),
	(688,128,'3292320',3,5.00),
	(689,128,'8649632',3,5.00),
	(690,129,'5829352',10,3.00),
	(691,129,'4066544',4,3.00),
	(692,129,'6018960',4,1.00),
	(693,129,'5085390',10,5.00),
	(694,129,'5679734',10,1.00),
	(695,129,'5548078',9,1.00),
	(696,129,'9993552',4,3.00),
	(697,130,'7038266',2,3.00),
	(698,130,'1435620',7,5.00),
	(699,130,'1899803',5,1.00),
	(700,130,'7742556',4,5.00),
	(701,131,'1728724',3,3.00),
	(702,131,'7153278',10,3.00),
	(703,131,'4942374',7,1.00),
	(704,131,'5813291',3,4.00),
	(705,131,'1778836',9,1.00),
	(706,131,'8772347',8,2.00),
	(707,131,'7369993',10,4.00),
	(708,131,'4321833',8,1.00),
	(709,132,'6359406',2,2.00),
	(710,132,'4902639',9,1.00),
	(711,132,'919503',1,1.00),
	(712,132,'5659399',4,3.00),
	(713,132,'9923114',10,1.00),
	(714,132,'9820941',3,1.00),
	(715,133,'2257447',2,1.00),
	(716,133,'1795028',2,1.00),
	(717,133,'8296241',6,5.00),
	(718,133,'1172623',10,5.00),
	(719,133,'4214393',2,3.00),
	(720,134,'5310775',6,5.00),
	(721,134,'297493',4,2.00),
	(722,134,'5776053',4,1.00),
	(723,134,'846759',9,1.00),
	(724,135,'1645827',6,2.00),
	(725,135,'4010082',4,4.00),
	(726,135,'7322960',8,2.00),
	(727,135,'8684297',1,3.00),
	(728,135,'4089586',8,5.00),
	(729,136,'6703135',1,3.00),
	(730,137,'8135881',9,2.00),
	(731,137,'5115518',9,3.00),
	(732,137,'1808729',7,3.00),
	(733,137,'3072693',6,1.00),
	(734,137,'2524329',9,1.00),
	(735,137,'6368838',10,3.00),
	(736,137,'1420157',2,1.00),
	(737,137,'759503',7,3.00),
	(738,137,'7359883',5,4.00),
	(739,138,'343220',2,3.00),
	(740,138,'7906283',4,5.00),
	(741,138,'7506887',4,2.00),
	(742,138,'3220394',3,2.00),
	(743,138,'7199117',10,4.00),
	(744,138,'1026137',6,3.00),
	(745,138,'607478',2,5.00),
	(746,138,'6072257',5,1.00),
	(747,138,'2539405',7,5.00),
	(748,138,'3400764',2,5.00),
	(749,139,'4515462',6,1.00),
	(750,139,'840881',2,2.00),
	(751,139,'3145990',9,4.00),
	(752,139,'903081',10,1.00),
	(753,139,'2991578',10,3.00),
	(754,139,'6115796',7,2.00),
	(755,139,'4743714',9,5.00),
	(756,139,'2066294',10,5.00),
	(757,139,'2487651',10,2.00),
	(758,139,'9245368',9,3.00),
	(759,140,'5864948',9,5.00),
	(760,140,'8251783',4,4.00),
	(761,140,'5096514',5,5.00),
	(762,140,'5100856',8,4.00),
	(763,140,'1614774',7,1.00),
	(764,141,'642227',6,5.00),
	(765,141,'8662540',5,2.00),
	(766,141,'6248840',9,5.00),
	(767,141,'8373763',9,4.00),
	(768,141,'371177',4,1.00),
	(769,141,'6396912',3,2.00),
	(770,141,'6671620',9,3.00),
	(771,141,'8933648',9,4.00),
	(772,141,'1469065',2,1.00),
	(773,141,'6846049',4,1.00),
	(774,142,'6265689',9,3.00),
	(775,142,'3004468',4,2.00),
	(776,142,'4655994',9,2.00),
	(777,142,'9212454',10,5.00),
	(778,143,'8862674',9,4.00),
	(779,143,'1062364',2,3.00),
	(780,143,'6660590',10,2.00),
	(781,143,'1911799',6,2.00),
	(782,143,'4034795',1,5.00),
	(783,144,'8306941',2,4.00),
	(784,144,'648500',2,2.00),
	(785,144,'4122147',10,2.00),
	(786,144,'3593067',3,4.00),
	(787,144,'5616125',1,4.00),
	(788,144,'223766',3,5.00),
	(789,144,'7630871',10,4.00),
	(790,145,'7717823',10,2.00),
	(791,145,'1295811',4,4.00),
	(792,145,'6828531',8,5.00),
	(793,145,'8371758',6,2.00),
	(794,145,'4784698',5,5.00),
	(795,145,'6397198',10,2.00),
	(796,145,'606281',7,1.00),
	(797,145,'3220892',7,1.00),
	(798,145,'5774577',1,3.00),
	(799,146,'4513301',6,4.00),
	(800,147,'6478921',6,1.00),
	(801,147,'7365864',8,3.00),
	(802,147,'739283',3,1.00),
	(803,148,'8739878',6,3.00),
	(804,148,'288609',9,5.00),
	(805,148,'7365199',4,1.00),
	(806,148,'1088536',5,3.00),
	(807,149,'6576049',10,1.00),
	(808,149,'9292814',6,4.00),
	(809,149,'5751247',9,1.00),
	(810,149,'6685123',2,5.00),
	(811,149,'3248962',10,3.00),
	(812,149,'1561894',8,5.00),
	(813,149,'5614090',5,5.00),
	(814,149,'2560157',1,1.00),
	(815,149,'4412106',4,3.00),
	(816,150,'7461270',9,1.00),
	(817,150,'7904399',6,5.00),
	(818,150,'7869762',1,2.00),
	(819,150,'9168764',10,1.00),
	(820,150,'5904919',8,1.00),
	(821,150,'5387322',9,1.00),
	(822,151,'1588111',1,2.00),
	(823,151,'3534047',5,4.00),
	(824,151,'8171870',8,4.00),
	(825,151,'1662877',5,4.00),
	(826,152,'310374',8,2.00),
	(827,152,'5351367',7,4.00),
	(828,152,'7761082',9,4.00),
	(829,152,'7393564',5,5.00),
	(830,152,'3108289',10,2.00),
	(831,152,'4866049',8,1.00),
	(832,152,'3993473',1,4.00),
	(833,152,'3914003',6,3.00),
	(834,152,'5363061',4,3.00),
	(835,153,'8408447',6,3.00),
	(836,153,'2724512',9,2.00),
	(837,154,'441873',5,1.00),
	(838,154,'6870130',5,3.00),
	(839,154,'9770734',2,3.00),
	(840,154,'1589903',3,1.00),
	(841,155,'1648741',5,5.00),
	(842,155,'859014',2,3.00),
	(843,155,'478384',7,3.00),
	(844,156,'2025018',3,4.00),
	(845,156,'5667023',3,3.00),
	(846,156,'7628679',1,3.00),
	(847,156,'7694010',8,5.00),
	(848,156,'8466390',2,1.00),
	(849,157,'314171',5,1.00),
	(850,157,'4587347',7,3.00),
	(851,157,'8900507',5,1.00),
	(852,157,'307405',8,5.00),
	(853,157,'1441803',3,2.00),
	(854,157,'6963579',3,1.00),
	(855,157,'5047323',6,4.00),
	(856,158,'2198679',8,4.00),
	(857,159,'6399704',2,4.00),
	(858,159,'1591605',10,1.00),
	(859,159,'6482626',9,1.00),
	(860,159,'7695843',4,4.00),
	(861,160,'4633066',5,3.00),
	(862,160,'2068063',6,5.00),
	(863,160,'4393186',7,3.00),
	(864,160,'9217174',10,5.00),
	(865,160,'5679021',9,5.00),
	(866,160,'4174179',10,3.00),
	(867,160,'4665298',5,5.00),
	(868,161,'2067558',6,4.00),
	(869,162,'9421182',7,3.00),
	(870,162,'1218370',5,3.00),
	(871,162,'9581778',1,2.00),
	(872,163,'2887415',10,3.00),
	(873,163,'1917945',8,5.00),
	(874,163,'3000085',10,2.00),
	(875,163,'1831927',1,2.00),
	(876,163,'9342637',10,4.00),
	(877,163,'3433469',3,1.00),
	(878,163,'5647997',2,2.00),
	(879,163,'2751264',8,1.00),
	(880,164,'6896982',3,4.00),
	(881,164,'9701596',9,5.00),
	(882,164,'2639175',3,2.00),
	(883,164,'6203276',8,5.00),
	(884,165,'437990',5,1.00),
	(885,165,'4986347',8,5.00),
	(886,165,'1087627',6,2.00),
	(887,165,'7849131',6,5.00),
	(888,165,'1792729',9,2.00),
	(889,165,'7180910',10,3.00),
	(890,165,'1946063',2,4.00),
	(891,166,'5966949',7,5.00),
	(892,166,'2171596',3,3.00),
	(893,167,'3861824',7,2.00),
	(894,167,'9749356',6,2.00),
	(895,167,'8759205',7,5.00),
	(896,167,'8936531',10,1.00),
	(897,167,'7469149',9,1.00),
	(898,167,'3371331',9,3.00),
	(899,167,'8970799',9,3.00),
	(900,167,'3096440',1,5.00),
	(901,167,'1552573',2,3.00),
	(902,168,'8358649',4,1.00),
	(903,168,'3235994',6,4.00),
	(904,168,'3273152',4,5.00),
	(905,168,'7892891',2,1.00),
	(906,168,'553923',8,3.00),
	(907,168,'7833541',1,5.00),
	(908,169,'6102415',8,2.00),
	(909,169,'7158467',8,5.00),
	(910,169,'5295064',1,1.00),
	(911,169,'5428033',1,3.00),
	(912,169,'374383',10,3.00),
	(913,170,'8725391',1,4.00),
	(914,170,'7443260',9,5.00),
	(915,171,'7249782',8,1.00),
	(916,171,'3656481',4,4.00),
	(917,171,'1680999',2,2.00),
	(918,171,'9844858',3,5.00),
	(919,171,'3268525',1,5.00),
	(920,171,'5258685',4,4.00),
	(921,172,'597277',7,3.00),
	(922,172,'9030654',9,4.00),
	(923,172,'8704087',9,1.00),
	(924,172,'7340958',3,2.00),
	(925,172,'3251815',6,1.00),
	(926,172,'2760198',6,1.00),
	(927,172,'5552059',4,5.00),
	(928,173,'4987773',9,1.00),
	(929,173,'7250884',2,3.00),
	(930,173,'2045846',9,4.00),
	(931,173,'2543063',10,3.00),
	(932,174,'1104961',5,5.00),
	(933,174,'9134521',2,1.00),
	(934,174,'1704902',9,5.00),
	(935,174,'5654860',2,4.00),
	(936,174,'3993512',2,2.00),
	(937,174,'8024011',6,3.00),
	(938,175,'8575526',5,1.00),
	(939,175,'2411527',6,2.00),
	(940,175,'6379563',10,1.00),
	(941,175,'1230489',6,2.00),
	(942,175,'6799371',5,5.00),
	(943,175,'7170734',10,3.00),
	(944,175,'6805456',1,4.00),
	(945,175,'8140755',8,1.00),
	(946,175,'4897836',10,5.00),
	(947,176,'3035217',9,4.00),
	(948,176,'321038',7,4.00),
	(949,176,'4250922',1,5.00),
	(950,176,'9855856',10,3.00),
	(951,176,'7915827',10,3.00),
	(952,176,'5849434',1,1.00),
	(953,176,'482558',9,4.00),
	(954,176,'8288563',2,2.00),
	(955,176,'6447438',8,5.00),
	(956,177,'285828',4,3.00),
	(957,177,'6420210',3,2.00),
	(958,177,'3894609',4,3.00),
	(959,177,'1105156',10,1.00),
	(960,177,'1884926',2,1.00),
	(961,177,'4229027',1,2.00),
	(962,177,'6507466',4,4.00),
	(963,177,'6165150',7,2.00),
	(964,178,'1599051',9,1.00),
	(965,178,'8165728',4,5.00),
	(966,178,'483543',3,4.00),
	(967,178,'9613065',10,4.00),
	(968,178,'2325630',2,4.00),
	(969,179,'2712828',6,3.00),
	(970,179,'2483318',10,3.00),
	(971,179,'4983430',10,5.00),
	(972,179,'5583624',10,3.00),
	(973,179,'2818198',5,2.00),
	(974,180,'3154095',4,1.00),
	(975,180,'7729187',4,4.00),
	(976,180,'5658284',8,2.00),
	(977,181,'850892',10,4.00),
	(978,181,'8171840',1,3.00),
	(979,181,'9961933',1,3.00),
	(980,181,'245048',7,2.00),
	(981,181,'3885436',6,3.00),
	(982,181,'9145316',5,1.00),
	(983,181,'452308',10,2.00),
	(984,181,'3436540',8,4.00),
	(985,182,'4045429',7,4.00),
	(986,182,'9015007',5,5.00),
	(987,182,'3795983',2,5.00),
	(988,182,'8685590',2,1.00),
	(989,182,'8801747',6,2.00),
	(990,182,'4418420',10,3.00),
	(991,182,'6138415',8,4.00),
	(992,182,'7923070',8,5.00),
	(993,183,'5183116',7,2.00),
	(994,183,'3415546',6,4.00),
	(995,183,'6778957',9,2.00),
	(996,183,'5012256',10,3.00),
	(997,183,'3341162',5,5.00),
	(998,183,'603622',7,2.00),
	(999,183,'2640801',5,4.00),
	(1000,183,'5517087',3,4.00),
	(1001,183,'1192748',7,2.00),
	(1002,183,'1193851',9,3.00),
	(1003,184,'5414585',6,5.00),
	(1004,184,'5612600',6,5.00),
	(1005,184,'7574817',6,1.00),
	(1006,184,'4455412',8,1.00),
	(1007,184,'2075069',1,1.00),
	(1008,185,'6233262',4,1.00),
	(1009,185,'4901893',8,4.00),
	(1010,186,'2730802',3,5.00),
	(1011,186,'8478205',5,3.00),
	(1012,186,'5877189',2,1.00),
	(1013,186,'8069314',6,5.00),
	(1014,186,'1331253',7,1.00),
	(1015,186,'719819',6,2.00),
	(1016,186,'4543674',2,4.00),
	(1017,186,'1650508',7,4.00),
	(1018,187,'9211604',1,4.00),
	(1019,187,'9693276',8,1.00),
	(1020,188,'6652396',7,1.00),
	(1021,188,'4314069',5,2.00),
	(1022,188,'3759694',9,5.00),
	(1023,188,'7227975',1,3.00),
	(1024,189,'6741841',8,4.00),
	(1025,189,'3818804',2,4.00),
	(1026,189,'6306511',5,1.00),
	(1027,189,'2046022',8,2.00),
	(1028,189,'6532332',7,3.00),
	(1029,189,'9212797',9,1.00),
	(1030,189,'7517320',5,4.00),
	(1031,189,'1214672',2,3.00),
	(1032,189,'4681610',1,5.00),
	(1033,189,'9288161',8,5.00),
	(1034,190,'9432165',7,5.00),
	(1035,190,'9376612',6,3.00),
	(1036,190,'3580683',1,4.00),
	(1037,191,'3732063',2,4.00),
	(1038,191,'5263000',6,2.00),
	(1039,191,'2308849',5,3.00),
	(1040,191,'393202',4,3.00),
	(1041,192,'6925445',2,3.00),
	(1042,192,'2548019',9,4.00),
	(1043,192,'2650141',9,2.00),
	(1044,192,'1720975',5,5.00),
	(1045,192,'5314478',6,4.00),
	(1046,192,'5389326',3,3.00),
	(1047,192,'1742213',1,1.00),
	(1048,192,'5078017',1,4.00),
	(1049,192,'6596041',4,5.00),
	(1050,192,'2050805',8,1.00),
	(1051,193,'2973451',5,5.00),
	(1052,193,'9413455',9,2.00),
	(1053,194,'1238229',3,5.00),
	(1054,194,'7122819',10,5.00),
	(1055,194,'6799034',3,1.00),
	(1056,194,'3262607',9,4.00),
	(1057,194,'6412833',1,1.00),
	(1058,194,'5775853',4,2.00),
	(1059,194,'3358572',2,5.00),
	(1060,194,'2024685',3,4.00),
	(1061,194,'7523923',9,1.00),
	(1062,194,'3024614',7,1.00),
	(1063,195,'2965799',3,4.00),
	(1064,195,'6948561',9,4.00),
	(1065,196,'710878',2,2.00),
	(1066,196,'7822446',5,1.00),
	(1067,196,'1920203',10,2.00),
	(1068,196,'1629331',4,1.00),
	(1069,196,'4741116',6,5.00),
	(1070,196,'3320724',2,4.00),
	(1071,196,'7536498',5,1.00),
	(1072,197,'7236280',3,1.00),
	(1073,197,'5492102',7,4.00),
	(1074,198,'6556491',10,2.00),
	(1075,198,'4778254',3,5.00),
	(1076,198,'9147146',9,5.00),
	(1077,198,'7165180',7,5.00),
	(1078,198,'7196826',10,1.00),
	(1079,198,'5566290',2,2.00),
	(1080,198,'8893789',9,3.00),
	(1081,198,'5577585',2,5.00),
	(1082,198,'4866302',1,3.00),
	(1083,198,'6935286',4,5.00),
	(1084,199,'4355154',10,4.00),
	(1085,199,'9759598',8,1.00),
	(1086,199,'1594546',3,2.00),
	(1087,199,'4090312',4,4.00),
	(1088,199,'5633796',7,3.00),
	(1089,199,'7273948',4,1.00),
	(1090,200,'4670072',2,3.00),
	(1091,200,'1996817',4,1.00),
	(1092,200,'6915073',8,5.00),
	(1093,200,'9003647',6,3.00),
	(1094,200,'5610538',6,3.00),
	(1095,200,'3665919',9,1.00),
	(1096,200,'5200475',3,5.00),
	(1097,200,'2069545',2,5.00),
	(1098,200,'765625',3,1.00),
	(1099,201,'2089930',5,5.00),
	(1100,202,'8652102',5,2.00),
	(1101,202,'2529533',3,1.00),
	(1102,202,'2092750',2,5.00),
	(1103,202,'8805364',7,4.00),
	(1104,202,'9185424',5,4.00),
	(1105,202,'3830306',2,2.00),
	(1106,202,'7001075',3,1.00),
	(1107,203,'1998419',6,1.00),
	(1108,203,'567039',3,4.00),
	(1109,203,'9565345',8,1.00),
	(1110,203,'790818',9,1.00),
	(1111,203,'3879022',3,3.00),
	(1112,203,'3573010',7,3.00),
	(1113,203,'116245',8,3.00),
	(1114,204,'3458318',3,5.00),
	(1115,204,'1644590',9,5.00),
	(1116,204,'7950221',7,1.00),
	(1117,204,'5433138',3,3.00),
	(1118,204,'8604057',6,3.00),
	(1119,204,'1477287',1,3.00),
	(1120,204,'2164091',5,1.00),
	(1121,204,'3120781',2,4.00),
	(1122,205,'7174484',8,1.00),
	(1123,206,'9836141',1,4.00),
	(1124,206,'9266387',10,4.00),
	(1125,206,'1469548',8,5.00),
	(1126,206,'6535905',10,1.00),
	(1127,207,'6120162',6,1.00),
	(1128,207,'1311558',2,5.00),
	(1129,207,'4156105',7,3.00),
	(1130,207,'4034456',2,1.00),
	(1131,207,'1690139',9,2.00),
	(1132,207,'7313496',4,4.00),
	(1133,207,'3659511',8,1.00),
	(1134,207,'4891936',7,1.00),
	(1135,207,'3651278',9,1.00),
	(1136,208,'6830238',6,4.00),
	(1137,208,'9846968',10,5.00),
	(1138,208,'6663491',9,1.00),
	(1139,208,'9009837',2,1.00),
	(1140,208,'8187898',10,5.00),
	(1141,208,'3307572',5,2.00),
	(1142,209,'6180260',4,5.00),
	(1143,209,'4701699',9,5.00),
	(1144,209,'9330750',9,1.00),
	(1145,209,'4153913',1,3.00),
	(1146,209,'9607855',1,3.00),
	(1147,209,'9732646',1,2.00),
	(1148,209,'9918953',4,3.00),
	(1149,210,'3620151',6,3.00),
	(1150,210,'9295616',4,3.00),
	(1151,210,'9972990',8,2.00),
	(1152,210,'1674344',10,1.00),
	(1153,210,'7257286',9,2.00),
	(1154,210,'4808259',5,4.00),
	(1155,210,'8919794',7,5.00),
	(1156,210,'8035322',7,3.00),
	(1157,210,'9709267',4,4.00),
	(1158,210,'3843814',3,4.00),
	(1159,211,'5269274',10,4.00),
	(1160,211,'3613744',9,5.00),
	(1161,211,'6649360',1,2.00),
	(1162,211,'3388833',8,1.00),
	(1163,211,'655442',2,5.00),
	(1164,211,'3548739',6,4.00),
	(1165,211,'2925499',9,2.00),
	(1166,211,'6819421',9,5.00),
	(1167,211,'539547',4,2.00),
	(1168,211,'3277074',2,4.00),
	(1169,212,'5200812',1,4.00),
	(1170,213,'9778178',8,4.00),
	(1171,213,'3041749',7,4.00),
	(1172,213,'4846187',9,1.00),
	(1173,213,'7561318',10,5.00),
	(1174,213,'745708',6,4.00),
	(1175,213,'7556176',9,4.00),
	(1176,213,'1129592',6,4.00),
	(1177,213,'6469091',4,4.00),
	(1178,213,'7468714',2,2.00),
	(1179,214,'3719107',9,3.00),
	(1180,215,'1814060',6,5.00),
	(1181,215,'1015497',6,1.00),
	(1182,215,'5829209',2,1.00),
	(1183,216,'9505373',3,2.00),
	(1184,216,'5926329',6,2.00),
	(1185,216,'752142',5,2.00),
	(1186,216,'3241720',7,4.00),
	(1187,216,'7917269',6,5.00),
	(1188,217,'3765565',4,5.00),
	(1189,217,'4645541',8,3.00),
	(1190,217,'3398094',5,3.00),
	(1191,217,'417264',9,2.00),
	(1192,217,'6950463',9,3.00),
	(1193,217,'9227785',1,5.00),
	(1194,218,'3844634',1,1.00),
	(1195,219,'5562333',2,2.00),
	(1196,220,'7652389',2,5.00),
	(1197,220,'4053683',8,3.00),
	(1198,221,'1780317',9,1.00),
	(1199,221,'4288996',8,3.00),
	(1200,221,'933832',2,2.00),
	(1201,221,'7654468',3,2.00),
	(1202,221,'4832889',7,4.00),
	(1203,221,'7096735',5,5.00),
	(1204,221,'3843884',4,1.00),
	(1205,221,'8952391',3,2.00),
	(1206,221,'6170752',6,4.00),
	(1207,221,'8733538',10,2.00),
	(1208,222,'6250826',6,3.00),
	(1209,222,'2495119',7,4.00),
	(1210,222,'7327984',2,2.00),
	(1211,222,'9244843',3,5.00),
	(1212,222,'6641659',7,3.00),
	(1213,222,'2870575',1,2.00),
	(1214,222,'9981652',5,4.00),
	(1215,222,'1900186',3,3.00),
	(1216,222,'4406323',9,1.00),
	(1217,222,'584049',6,5.00),
	(1218,223,'8360500',6,4.00),
	(1219,223,'4537220',6,3.00),
	(1220,223,'2316365',3,3.00),
	(1221,223,'2760216',10,1.00),
	(1222,224,'8305440',2,5.00),
	(1223,224,'5123632',3,3.00),
	(1224,224,'5162821',3,3.00),
	(1225,224,'3033820',3,3.00),
	(1226,224,'4330197',3,3.00),
	(1227,224,'8845270',2,2.00),
	(1228,225,'3575992',10,5.00),
	(1229,225,'2753264',10,4.00),
	(1230,225,'132627',4,3.00),
	(1231,225,'6896313',2,5.00),
	(1232,225,'6552060',1,4.00),
	(1233,225,'8248563',8,1.00),
	(1234,225,'7692837',3,4.00),
	(1235,225,'5629972',5,3.00),
	(1236,225,'774777',9,2.00),
	(1237,225,'9266809',3,3.00),
	(1238,226,'8204483',9,5.00),
	(1239,226,'315367',6,2.00),
	(1240,227,'7281098',10,4.00),
	(1241,227,'9351310',8,2.00),
	(1242,227,'2305790',3,4.00),
	(1243,227,'3546428',4,1.00),
	(1244,227,'2543884',6,4.00),
	(1245,227,'650862',8,1.00),
	(1246,228,'8365240',7,1.00),
	(1247,228,'8232619',1,4.00),
	(1248,228,'8056772',5,1.00),
	(1249,228,'1122524',7,4.00),
	(1250,229,'1685655',6,1.00),
	(1251,229,'6432659',10,2.00),
	(1252,229,'908393',1,3.00),
	(1253,229,'6960170',1,3.00),
	(1254,229,'3489079',6,2.00),
	(1255,229,'9913578',1,1.00),
	(1256,229,'7955867',7,1.00),
	(1257,229,'7310459',9,3.00),
	(1258,230,'4877473',10,5.00),
	(1259,230,'3263372',3,3.00),
	(1260,230,'3245892',9,1.00),
	(1261,230,'2555323',7,3.00),
	(1262,230,'3867243',3,1.00),
	(1263,231,'1404506',7,2.00),
	(1264,231,'7621532',1,1.00),
	(1265,231,'1263990',3,1.00),
	(1266,231,'862408',6,5.00),
	(1267,231,'269334',3,3.00),
	(1268,232,'4620589',6,3.00),
	(1269,232,'8510908',10,3.00),
	(1270,232,'919779',1,4.00),
	(1271,232,'1348280',2,1.00),
	(1272,232,'710132',7,2.00),
	(1273,232,'8067475',9,4.00),
	(1274,232,'9103297',7,3.00),
	(1275,232,'9922820',10,5.00),
	(1276,232,'2154222',4,5.00),
	(1277,233,'7661783',4,2.00),
	(1278,233,'2156655',9,3.00),
	(1279,234,'7938867',1,3.00),
	(1280,234,'9280387',2,5.00),
	(1281,234,'4492700',8,5.00),
	(1282,234,'3419744',7,3.00),
	(1283,234,'726180',6,2.00),
	(1284,234,'4674046',1,1.00),
	(1285,235,'3897040',9,4.00),
	(1286,235,'8575110',2,2.00),
	(1287,236,'9948159',4,5.00),
	(1288,236,'3355453',3,5.00),
	(1289,236,'555101',6,5.00),
	(1290,237,'9625739',10,2.00),
	(1291,237,'9876247',3,1.00),
	(1292,237,'7790446',7,3.00),
	(1293,237,'316573',5,4.00),
	(1294,237,'5065349',3,1.00),
	(1295,237,'1169752',6,1.00),
	(1296,238,'4710088',10,2.00),
	(1297,238,'9162727',7,1.00),
	(1298,238,'8296584',6,1.00),
	(1299,238,'9785627',2,5.00),
	(1300,238,'7375152',6,2.00),
	(1301,239,'1657830',8,2.00),
	(1302,239,'5300228',10,1.00),
	(1303,239,'7994765',9,5.00),
	(1304,239,'6634238',1,1.00),
	(1305,240,'666980',8,1.00),
	(1306,240,'432692',6,4.00),
	(1307,240,'571724',4,2.00),
	(1308,240,'2038816',4,4.00),
	(1309,241,'6702690',9,5.00),
	(1310,241,'653719',6,1.00),
	(1311,241,'6755299',5,2.00),
	(1312,241,'8539071',3,4.00),
	(1313,241,'5196206',7,5.00),
	(1314,241,'7642867',6,5.00),
	(1315,241,'831196',7,2.00),
	(1316,241,'2193669',7,3.00),
	(1317,241,'2056293',5,2.00),
	(1318,242,'5099606',3,1.00),
	(1319,242,'8592260',7,1.00),
	(1320,242,'4329328',4,1.00),
	(1321,242,'3871486',5,1.00),
	(1322,242,'2991722',6,3.00),
	(1323,242,'5050261',10,2.00),
	(1324,242,'7113687',8,1.00),
	(1325,242,'6617507',10,3.00),
	(1326,242,'4436954',1,3.00),
	(1327,243,'9660719',10,4.00),
	(1328,243,'6290183',6,2.00),
	(1329,243,'4697234',10,2.00),
	(1330,243,'679340',2,5.00),
	(1331,243,'8408352',2,3.00),
	(1332,243,'1278987',3,5.00),
	(1333,244,'4118092',4,3.00),
	(1334,244,'4377012',7,2.00),
	(1335,244,'5911575',1,3.00),
	(1336,244,'5743828',5,4.00),
	(1337,244,'3312750',8,3.00),
	(1338,244,'4131799',10,5.00),
	(1339,244,'1075978',1,5.00),
	(1340,245,'8575751',5,3.00),
	(1341,246,'9193892',5,5.00),
	(1342,246,'8784832',5,1.00),
	(1343,246,'4361114',9,5.00),
	(1344,246,'352459',2,1.00),
	(1345,247,'155557',2,5.00),
	(1346,247,'8089702',7,5.00),
	(1347,247,'9456855',10,1.00),
	(1348,247,'5758659',6,5.00),
	(1349,247,'9794296',4,4.00),
	(1350,247,'1949676',2,2.00),
	(1351,247,'5841335',7,2.00),
	(1352,247,'994777',10,1.00),
	(1353,247,'1424317',10,3.00),
	(1354,248,'9240542',9,4.00),
	(1355,249,'1957193',3,4.00),
	(1356,249,'5489551',9,4.00),
	(1357,249,'1842486',2,1.00),
	(1358,249,'3829183',6,5.00),
	(1359,249,'2021667',10,3.00),
	(1360,249,'968460',6,1.00),
	(1361,249,'6483644',2,2.00),
	(1362,249,'4800340',5,3.00),
	(1363,250,'9229524',4,5.00),
	(1364,250,'1860764',4,2.00),
	(1365,250,'1210326',8,2.00),
	(1366,250,'8745894',7,1.00),
	(1367,250,'6713076',7,1.00),
	(1368,251,'9875371',7,3.00),
	(1369,251,'1627880',6,3.00),
	(1370,251,'2175737',2,2.00),
	(1371,251,'6356604',5,1.00),
	(1372,251,'3370036',4,4.00),
	(1373,251,'6058414',2,4.00),
	(1374,251,'228092',3,1.00),
	(1375,252,'9822910',9,1.00),
	(1376,252,'316369',2,4.00),
	(1377,252,'1895861',1,1.00),
	(1378,252,'3861461',6,4.00),
	(1379,253,'9874474',4,1.00),
	(1380,254,'7544351',4,4.00),
	(1381,254,'1660265',3,5.00),
	(1382,254,'6880420',9,5.00),
	(1383,254,'4108654',1,4.00),
	(1384,254,'7580184',1,5.00),
	(1385,254,'2683141',6,5.00),
	(1386,254,'2578741',3,5.00),
	(1387,254,'6155762',9,1.00),
	(1388,254,'4430661',3,2.00),
	(1389,255,'5010272',2,5.00),
	(1390,255,'3821339',7,4.00),
	(1391,255,'6854542',6,5.00),
	(1392,256,'2367098',6,3.00),
	(1393,256,'1263826',9,1.00),
	(1394,256,'8685649',8,5.00),
	(1395,256,'177323',8,2.00),
	(1396,256,'5282846',3,5.00),
	(1397,256,'9433883',10,3.00),
	(1398,257,'8486324',10,4.00),
	(1399,257,'6035553',7,4.00),
	(1400,257,'9621956',10,4.00),
	(1401,257,'5875974',2,5.00),
	(1402,257,'5180365',10,2.00),
	(1403,257,'4682520',8,2.00),
	(1404,257,'9387642',4,5.00),
	(1405,258,'984076',2,5.00),
	(1406,258,'4869964',10,1.00),
	(1407,258,'1271691',6,3.00),
	(1408,258,'2909919',2,1.00),
	(1409,258,'1310615',9,5.00),
	(1410,258,'1197277',4,4.00),
	(1411,258,'3040132',4,3.00),
	(1412,258,'2560575',9,5.00),
	(1413,259,'4448521',8,2.00),
	(1414,259,'7284869',5,2.00),
	(1415,259,'4928410',2,1.00),
	(1416,259,'5857319',3,2.00),
	(1417,259,'1000444',1,3.00),
	(1418,259,'9390687',6,5.00),
	(1419,259,'3012820',1,5.00),
	(1420,259,'8198770',1,5.00),
	(1421,259,'549151',2,1.00),
	(1422,259,'1731177',2,3.00),
	(1423,260,'2399305',4,4.00),
	(1424,260,'3374200',10,1.00),
	(1425,260,'6094380',10,2.00),
	(1426,260,'9012252',10,4.00),
	(1427,260,'8656705',8,2.00),
	(1428,260,'8683074',6,3.00),
	(1429,260,'3913160',10,2.00),
	(1430,260,'3201060',10,2.00),
	(1431,260,'9582889',9,4.00),
	(1432,260,'9243895',8,1.00),
	(1433,261,'1488645',3,4.00),
	(1434,261,'8219230',1,4.00),
	(1435,261,'1327343',4,1.00),
	(1436,261,'7067273',3,2.00),
	(1437,262,'1303772',7,4.00),
	(1438,262,'6969262',7,2.00),
	(1439,262,'6360551',6,3.00),
	(1440,263,'4537751',8,2.00),
	(1441,263,'139170',10,4.00),
	(1442,263,'5209685',8,3.00),
	(1443,263,'2550181',3,4.00),
	(1444,263,'1150498',3,5.00),
	(1445,263,'3043617',3,4.00),
	(1446,263,'8265043',4,5.00),
	(1447,264,'1060993',6,5.00),
	(1448,264,'3066502',7,1.00),
	(1449,265,'9898717',7,5.00),
	(1450,265,'5715425',4,5.00),
	(1451,265,'5901468',6,2.00),
	(1452,265,'1102198',1,3.00),
	(1453,265,'6901546',9,5.00),
	(1454,265,'5552623',3,5.00),
	(1455,266,'8533624',1,3.00),
	(1456,266,'754876',1,5.00),
	(1457,266,'687070',6,4.00),
	(1458,266,'7728196',3,2.00),
	(1459,266,'5842308',8,2.00),
	(1460,267,'6964472',9,4.00),
	(1461,267,'477385',6,2.00),
	(1462,267,'5262121',9,1.00),
	(1463,267,'1968037',4,4.00),
	(1464,267,'2590935',5,3.00),
	(1465,267,'2933124',1,5.00),
	(1466,267,'9346664',5,2.00),
	(1467,267,'1127049',6,4.00),
	(1468,267,'4799575',3,5.00),
	(1469,268,'567085',4,2.00),
	(1470,268,'2429267',9,4.00),
	(1471,268,'4254293',6,2.00),
	(1472,268,'6053873',9,1.00),
	(1473,268,'337009',7,4.00),
	(1474,268,'2465946',7,3.00),
	(1475,268,'310515',5,5.00),
	(1476,269,'363721',5,2.00),
	(1477,269,'9930196',4,4.00),
	(1478,269,'4543028',6,5.00),
	(1479,269,'1666299',7,4.00),
	(1480,269,'2476657',5,1.00),
	(1481,269,'2035345',6,5.00),
	(1482,270,'1707768',2,5.00),
	(1483,270,'5504067',2,2.00),
	(1484,270,'5912024',7,1.00),
	(1485,270,'2940369',7,5.00),
	(1486,270,'1300800',3,5.00),
	(1487,270,'478715',2,2.00),
	(1488,270,'2434017',7,5.00),
	(1489,270,'9237741',8,1.00),
	(1490,271,'772773',4,3.00),
	(1491,271,'3970219',9,2.00),
	(1492,271,'3787067',9,2.00),
	(1493,271,'8267318',8,1.00),
	(1494,272,'2796230',7,1.00),
	(1495,272,'4305788',6,4.00),
	(1496,272,'3057158',10,2.00),
	(1497,272,'7839492',1,2.00),
	(1498,272,'2255244',8,1.00),
	(1499,273,'2259281',2,2.00),
	(1500,273,'6431314',2,1.00),
	(1501,273,'8558100',10,2.00),
	(1502,273,'7924551',8,4.00),
	(1503,273,'8028460',9,3.00),
	(1504,273,'2978404',4,1.00),
	(1505,273,'394356',8,3.00),
	(1506,273,'8095574',7,1.00),
	(1507,273,'4354611',2,3.00),
	(1508,274,'947541',9,2.00),
	(1509,274,'7460454',4,5.00),
	(1510,274,'7602809',9,1.00),
	(1511,274,'9786941',9,5.00),
	(1512,275,'788146',9,3.00),
	(1513,275,'7003905',8,4.00),
	(1514,275,'9260000',9,5.00),
	(1515,275,'7460827',2,4.00),
	(1516,276,'4320915',1,2.00),
	(1517,276,'9177961',6,4.00),
	(1518,276,'5201911',8,4.00),
	(1519,276,'459784',9,3.00),
	(1520,276,'5828897',3,5.00),
	(1521,276,'7184875',10,4.00),
	(1522,276,'2218593',7,3.00),
	(1523,276,'9908235',7,5.00),
	(1524,276,'3912004',9,1.00),
	(1525,277,'8843893',8,3.00),
	(1526,277,'9985365',3,2.00),
	(1527,278,'194729',6,5.00),
	(1528,278,'3682935',8,1.00),
	(1529,278,'1551629',1,4.00),
	(1530,278,'356818',10,1.00),
	(1531,278,'1475739',3,1.00),
	(1532,278,'1357370',5,3.00),
	(1533,278,'5078051',1,5.00),
	(1534,279,'9523810',8,2.00),
	(1535,279,'4838250',8,3.00),
	(1536,279,'9549604',5,2.00),
	(1537,279,'3132182',4,5.00),
	(1538,279,'437409',9,5.00),
	(1539,279,'816954',1,3.00),
	(1540,280,'5148790',9,1.00),
	(1541,280,'4261172',10,3.00),
	(1542,280,'6756899',8,5.00),
	(1543,280,'9871899',1,4.00),
	(1544,280,'9841326',3,2.00),
	(1545,280,'2146912',6,1.00),
	(1546,280,'9533870',5,3.00),
	(1547,280,'8089332',2,2.00),
	(1548,280,'3803913',7,4.00),
	(1549,280,'751677',2,3.00),
	(1550,281,'2672018',10,1.00),
	(1551,281,'9796868',7,5.00),
	(1552,281,'8756912',6,2.00),
	(1553,281,'9087519',1,1.00),
	(1554,281,'2791904',2,1.00),
	(1555,281,'6315340',5,4.00),
	(1556,281,'8753516',3,3.00),
	(1557,281,'5473316',10,4.00),
	(1558,281,'9989618',10,4.00),
	(1559,281,'3199268',5,2.00),
	(1560,282,'4322572',1,3.00),
	(1561,282,'8228531',7,4.00),
	(1562,282,'2426571',7,5.00),
	(1563,282,'1641627',9,4.00),
	(1564,282,'4175866',8,1.00),
	(1565,282,'9819441',10,4.00),
	(1566,282,'3224095',1,4.00),
	(1567,282,'8241762',10,4.00),
	(1568,283,'4473477',6,4.00),
	(1569,283,'5088954',8,5.00),
	(1570,283,'7045126',6,4.00),
	(1571,283,'6828143',2,3.00),
	(1572,283,'292447',3,2.00),
	(1573,284,'7432041',8,5.00),
	(1574,284,'114817',10,1.00),
	(1575,284,'1344024',3,1.00),
	(1576,285,'3573606',6,2.00),
	(1577,285,'111764',9,1.00),
	(1578,285,'3725882',4,2.00),
	(1579,285,'4926295',5,3.00),
	(1580,285,'3892257',3,5.00),
	(1581,285,'7840588',9,3.00),
	(1582,286,'4040508',7,2.00),
	(1583,286,'9557706',4,4.00),
	(1584,286,'438976',4,2.00),
	(1585,286,'4821955',7,4.00),
	(1586,286,'7770101',2,3.00),
	(1587,286,'1981169',4,2.00),
	(1588,286,'5743354',3,2.00),
	(1589,286,'8845519',7,4.00),
	(1590,286,'4568265',8,4.00),
	(1591,286,'7934522',5,2.00),
	(1592,287,'7236299',3,4.00),
	(1593,287,'6916019',4,5.00),
	(1594,288,'7803586',2,2.00),
	(1595,288,'7037588',3,5.00),
	(1596,288,'6359046',6,3.00),
	(1597,288,'7936875',5,5.00),
	(1598,288,'6322731',3,5.00),
	(1599,288,'412413',8,4.00),
	(1600,288,'2707876',9,2.00),
	(1601,288,'9344726',7,3.00),
	(1602,288,'335885',4,4.00),
	(1603,288,'6579629',6,1.00),
	(1604,289,'788562',7,4.00),
	(1605,290,'4449449',10,4.00),
	(1606,290,'8853087',9,5.00),
	(1607,291,'7105185',10,4.00),
	(1608,291,'2106901',10,3.00),
	(1609,291,'1814849',3,2.00),
	(1610,291,'3693438',4,2.00),
	(1611,291,'4303763',1,4.00),
	(1612,291,'8230727',5,1.00),
	(1613,291,'7735977',5,2.00),
	(1614,292,'7334964',2,3.00),
	(1615,292,'4506381',1,5.00),
	(1616,292,'9734689',10,1.00),
	(1617,292,'7737810',5,4.00),
	(1618,292,'8337852',5,4.00),
	(1619,293,'7716362',4,5.00),
	(1620,293,'9971695',9,2.00),
	(1621,293,'7707788',8,4.00),
	(1622,293,'6827507',8,2.00),
	(1623,293,'1655435',4,4.00),
	(1624,294,'7929063',10,3.00),
	(1625,294,'865752',4,1.00),
	(1626,294,'3171066',2,3.00),
	(1627,294,'8632171',7,3.00),
	(1628,294,'6400623',4,1.00),
	(1629,294,'8519035',10,5.00),
	(1630,294,'4155627',3,4.00),
	(1631,294,'8917242',10,2.00),
	(1632,294,'7575367',7,5.00),
	(1633,295,'6767503',8,3.00),
	(1634,295,'9349697',10,3.00),
	(1635,295,'6011765',3,1.00),
	(1636,296,'4222422',8,4.00),
	(1637,296,'3546387',9,5.00),
	(1638,296,'1752479',3,5.00),
	(1639,296,'6496759',1,2.00),
	(1640,297,'7870304',1,2.00),
	(1641,297,'1867361',3,4.00),
	(1642,297,'2286675',2,3.00),
	(1643,297,'214869',4,4.00),
	(1644,297,'8744457',7,4.00),
	(1645,297,'6217504',8,2.00),
	(1646,297,'963832',9,3.00),
	(1647,297,'8983369',3,4.00),
	(1648,297,'3949323',7,3.00),
	(1649,297,'8472728',7,1.00),
	(1650,298,'9124333',4,1.00),
	(1651,298,'8267826',4,2.00),
	(1652,298,'9207868',5,4.00),
	(1653,298,'3863295',5,3.00),
	(1654,298,'6059484',8,1.00),
	(1655,299,'2382189',1,1.00),
	(1656,299,'6351264',1,1.00),
	(1657,300,'9724264',9,3.00),
	(1658,300,'7932159',7,1.00),
	(1659,300,'2990842',3,2.00),
	(1660,300,'9428292',1,5.00),
	(1661,300,'9502872',5,5.00),
	(1662,300,'3968181',4,4.00),
	(1663,300,'2648251',9,5.00),
	(1664,300,'8641677',8,3.00),
	(1665,300,'3737875',3,1.00),
	(1666,301,'1722858',1,4.00),
	(1667,301,'1511301',9,3.00),
	(1668,301,'8553751',1,3.00),
	(1669,301,'409288',4,2.00),
	(1670,301,'666579',4,5.00),
	(1671,301,'5368585',8,2.00),
	(1672,301,'9886812',9,4.00),
	(1673,301,'7899015',6,4.00),
	(1674,302,'3089710',7,3.00),
	(1675,302,'836860',3,5.00),
	(1676,302,'9574623',9,3.00),
	(1677,302,'8970186',9,3.00),
	(1678,302,'6349449',4,2.00),
	(1679,302,'8998282',5,5.00),
	(1680,302,'6825371',7,3.00),
	(1681,302,'3670673',9,3.00),
	(1682,303,'7645183',7,1.00),
	(1683,304,'7990585',4,4.00),
	(1684,304,'1790621',5,5.00),
	(1685,304,'8345451',5,1.00),
	(1686,304,'7231222',5,3.00),
	(1687,304,'1996588',4,5.00),
	(1688,305,'7333024',4,4.00),
	(1689,305,'8646402',1,1.00),
	(1690,305,'1602232',7,2.00),
	(1691,305,'4352529',3,1.00),
	(1692,305,'6936164',2,5.00),
	(1693,305,'3792006',9,4.00),
	(1694,305,'3331884',8,5.00),
	(1695,305,'715936',2,2.00),
	(1696,306,'1962146',7,2.00),
	(1697,306,'2973421',3,1.00),
	(1698,306,'2658752',9,5.00),
	(1699,306,'2089096',1,2.00),
	(1700,307,'7344632',8,2.00),
	(1701,307,'7218306',7,3.00),
	(1702,307,'801745',4,2.00),
	(1703,307,'815198',3,1.00),
	(1704,308,'8953187',5,4.00),
	(1705,308,'1366893',5,1.00),
	(1706,309,'9394162',8,4.00),
	(1707,309,'4888398',5,5.00),
	(1708,310,'4620463',7,2.00),
	(1709,310,'2168346',1,5.00),
	(1710,310,'3272656',6,1.00),
	(1711,310,'6515929',2,2.00),
	(1712,310,'3286379',10,1.00),
	(1713,310,'1868220',6,4.00),
	(1714,310,'4712002',5,4.00),
	(1715,311,'3462241',7,2.00),
	(1716,311,'3712837',7,4.00),
	(1717,312,'4022529',8,4.00),
	(1718,312,'6805954',8,5.00),
	(1719,312,'5041397',6,1.00),
	(1720,312,'4352211',1,3.00),
	(1721,312,'2145564',9,4.00),
	(1722,312,'769807',1,1.00),
	(1723,312,'2879218',1,3.00),
	(1724,312,'3693784',5,5.00),
	(1725,313,'7285839',8,3.00),
	(1726,313,'714590',9,3.00),
	(1727,313,'7354193',5,2.00),
	(1728,313,'9360633',4,1.00),
	(1729,313,'1343392',2,1.00),
	(1730,313,'8650333',9,4.00),
	(1731,314,'1983275',3,2.00),
	(1732,314,'5741598',5,3.00),
	(1733,314,'5658411',6,1.00),
	(1734,314,'1750208',9,4.00),
	(1735,314,'8595460',3,5.00),
	(1736,314,'8159226',10,4.00),
	(1737,314,'2112232',5,3.00),
	(1738,314,'7794795',8,5.00),
	(1739,315,'3240896',1,2.00),
	(1740,315,'4604894',8,2.00),
	(1741,315,'113599',2,5.00),
	(1742,315,'510304',4,4.00),
	(1743,315,'3329993',9,1.00),
	(1744,315,'9845689',1,1.00),
	(1745,315,'8198531',6,3.00),
	(1746,315,'171715',1,4.00),
	(1747,316,'9625977',9,1.00),
	(1748,316,'2118713',6,5.00),
	(1749,316,'4882043',6,1.00),
	(1750,316,'4101378',1,4.00),
	(1751,316,'4151877',8,2.00),
	(1752,316,'1788965',10,5.00),
	(1753,316,'7018346',8,3.00),
	(1754,316,'2389243',4,3.00),
	(1755,317,'2944537',9,2.00),
	(1756,317,'1457175',8,4.00),
	(1757,317,'4156747',3,1.00),
	(1758,317,'6755589',6,1.00),
	(1759,317,'487617',8,2.00),
	(1760,317,'8019984',2,1.00),
	(1761,318,'8100490',6,3.00),
	(1762,318,'4369542',5,2.00),
	(1763,318,'2487884',6,3.00),
	(1764,319,'9776783',4,3.00),
	(1765,319,'3977784',9,2.00),
	(1766,319,'2392950',10,5.00),
	(1767,319,'1365489',6,5.00),
	(1768,319,'2530378',1,2.00),
	(1769,319,'6628723',8,2.00),
	(1770,319,'2119679',6,2.00),
	(1771,320,'6970058',1,3.00),
	(1772,320,'5308711',1,1.00),
	(1773,320,'1054618',4,2.00),
	(1774,320,'9297929',3,1.00),
	(1775,320,'4392019',4,3.00),
	(1776,320,'7292879',3,5.00),
	(1777,320,'4645968',4,5.00),
	(1778,321,'6266036',7,4.00),
	(1779,321,'1212970',7,4.00),
	(1780,321,'7916486',1,3.00),
	(1781,321,'5087200',8,3.00),
	(1782,321,'897727',7,2.00),
	(1783,322,'9830714',9,2.00),
	(1784,322,'3213741',1,5.00),
	(1785,322,'3015767',5,3.00),
	(1786,322,'555471',10,5.00),
	(1787,322,'7432084',8,3.00),
	(1788,322,'5595732',8,3.00),
	(1789,322,'8283740',1,2.00),
	(1790,323,'7043742',7,5.00),
	(1791,323,'4295623',2,5.00),
	(1792,323,'9000642',1,4.00),
	(1793,323,'5081151',7,1.00),
	(1794,323,'8993982',8,3.00),
	(1795,323,'6691233',1,3.00),
	(1796,324,'3799844',2,1.00),
	(1797,324,'6291882',3,1.00),
	(1798,324,'7418371',2,5.00),
	(1799,325,'4349243',5,5.00),
	(1800,325,'2761229',4,5.00),
	(1801,325,'7719289',5,1.00),
	(1802,325,'5430281',3,3.00),
	(1803,325,'2731782',6,3.00),
	(1804,326,'5448449',3,1.00),
	(1805,326,'5902798',10,5.00),
	(1806,326,'6089679',5,2.00),
	(1807,326,'8959438',2,4.00),
	(1808,326,'8661058',9,4.00),
	(1809,326,'4437008',2,1.00),
	(1810,326,'3635992',10,5.00),
	(1811,326,'8267466',6,3.00),
	(1812,326,'6098959',2,3.00),
	(1813,327,'3666281',1,2.00),
	(1814,327,'4391650',6,5.00),
	(1815,328,'2679956',3,3.00),
	(1816,328,'1291755',5,1.00),
	(1817,328,'7877906',5,1.00),
	(1818,328,'601808',2,1.00),
	(1819,328,'8470144',7,3.00),
	(1820,329,'5806974',1,2.00),
	(1821,329,'4319526',1,4.00),
	(1822,329,'2607830',6,2.00),
	(1823,329,'861601',6,5.00),
	(1824,329,'9426260',5,2.00),
	(1825,330,'7867474',7,4.00),
	(1826,330,'7595335',8,1.00),
	(1827,330,'1138318',3,5.00),
	(1828,330,'2790717',1,2.00),
	(1829,330,'4158342',4,3.00),
	(1830,330,'4281468',8,5.00),
	(1831,330,'4146943',9,1.00),
	(1832,330,'3270920',4,1.00),
	(1833,330,'5722714',10,4.00),
	(1834,330,'6936547',5,5.00),
	(1835,331,'871399',2,4.00),
	(1836,331,'9534784',1,3.00),
	(1837,331,'7009634',1,5.00),
	(1838,331,'2069043',9,1.00),
	(1839,331,'3493882',10,2.00),
	(1840,331,'6975777',3,4.00),
	(1841,331,'5508625',6,2.00),
	(1842,332,'7473124',3,3.00),
	(1843,332,'6331276',10,5.00),
	(1844,332,'6711065',2,3.00),
	(1845,332,'7098685',6,2.00),
	(1846,332,'5279264',10,3.00),
	(1847,332,'860512',8,2.00),
	(1848,333,'7935615',4,4.00),
	(1849,333,'9646850',5,3.00),
	(1850,333,'801130',7,2.00),
	(1851,333,'6137452',8,2.00),
	(1852,333,'3958915',5,2.00),
	(1853,333,'4533560',7,4.00),
	(1854,333,'6200465',5,5.00),
	(1855,333,'9414350',6,3.00),
	(1856,333,'5710972',7,2.00),
	(1857,333,'7193518',2,1.00),
	(1858,334,'6493101',2,5.00),
	(1859,334,'684565',5,2.00),
	(1860,334,'2170645',4,1.00),
	(1861,334,'3431972',9,5.00),
	(1862,335,'8197997',8,1.00),
	(1863,335,'4544265',2,3.00),
	(1864,335,'2162912',10,2.00),
	(1865,335,'1813243',10,2.00),
	(1866,335,'8029123',7,5.00),
	(1867,335,'4416786',9,1.00),
	(1868,335,'9242403',8,5.00),
	(1869,335,'7065437',10,2.00),
	(1870,335,'3276347',10,1.00),
	(1871,336,'1010450',9,2.00),
	(1872,336,'8717953',8,4.00),
	(1873,336,'9025401',6,2.00),
	(1874,337,'9830668',1,1.00),
	(1875,337,'215155',8,5.00),
	(1876,337,'9727297',2,5.00),
	(1877,337,'3078043',6,4.00),
	(1878,337,'5301861',7,4.00),
	(1879,337,'1137725',5,3.00),
	(1880,338,'6093048',9,3.00),
	(1881,338,'3100770',1,4.00),
	(1882,338,'5044533',7,4.00),
	(1883,338,'2687304',4,4.00),
	(1884,338,'3926949',7,4.00),
	(1885,338,'1738752',4,5.00),
	(1886,338,'641171',8,3.00),
	(1887,338,'647955',10,4.00),
	(1888,338,'5871299',2,1.00),
	(1889,339,'6721740',10,5.00),
	(1890,339,'5104876',10,4.00),
	(1891,340,'8557221',4,3.00),
	(1892,341,'9480598',10,4.00),
	(1893,341,'6057671',6,3.00),
	(1894,341,'5875096',10,1.00),
	(1895,341,'5105369',10,3.00),
	(1896,341,'9292449',6,4.00),
	(1897,341,'5625930',1,3.00),
	(1898,341,'7912578',8,1.00),
	(1899,341,'5894293',6,4.00),
	(1900,341,'9705479',10,1.00),
	(1901,341,'4959323',10,1.00),
	(1902,342,'7754266',10,1.00),
	(1903,342,'5652438',1,4.00),
	(1904,342,'5443537',7,1.00),
	(1905,342,'6076499',1,1.00),
	(1906,342,'4716650',7,5.00),
	(1907,343,'8341350',6,1.00),
	(1908,343,'3156436',4,4.00),
	(1909,344,'2746218',8,5.00),
	(1910,345,'6982280',10,5.00),
	(1911,345,'7591117',8,4.00),
	(1912,345,'2254977',8,3.00),
	(1913,345,'2715150',2,2.00),
	(1914,345,'6361829',7,5.00),
	(1915,345,'1499840',1,1.00),
	(1916,346,'7838482',8,1.00),
	(1917,346,'8081024',1,5.00),
	(1918,346,'6374200',6,4.00),
	(1919,346,'1697937',4,5.00),
	(1920,346,'1021536',10,5.00),
	(1921,347,'1722617',1,3.00),
	(1922,347,'466445',3,5.00),
	(1923,347,'6363949',2,3.00),
	(1924,348,'8031740',5,2.00),
	(1925,348,'4379592',8,4.00),
	(1926,349,'1200289',9,1.00),
	(1927,349,'9003202',8,4.00),
	(1928,349,'1696290',9,2.00),
	(1929,349,'2173080',7,4.00),
	(1930,349,'4243067',7,4.00),
	(1931,349,'6628963',9,5.00),
	(1932,349,'436713',7,3.00),
	(1933,349,'7400909',7,1.00),
	(1934,349,'7246232',7,3.00),
	(1935,350,'2557177',9,1.00),
	(1936,350,'8693965',8,1.00),
	(1937,350,'2735176',6,4.00),
	(1938,350,'7757432',3,5.00),
	(1939,350,'5400024',1,5.00),
	(1940,350,'8365708',10,5.00),
	(1941,350,'869994',7,4.00),
	(1942,350,'9962333',10,1.00),
	(1943,350,'9261974',5,4.00),
	(1944,350,'1276052',6,3.00),
	(1945,351,'3945725',8,4.00),
	(1946,351,'6881522',2,3.00),
	(1947,351,'8164772',2,3.00),
	(1948,351,'5132880',4,3.00),
	(1949,351,'6740844',6,1.00),
	(1950,351,'7189264',8,2.00),
	(1951,351,'2391522',5,2.00),
	(1952,351,'6886049',3,3.00),
	(1953,351,'1854612',3,2.00),
	(1954,351,'3283694',2,1.00),
	(1955,352,'532283',5,4.00),
	(1956,352,'6818659',7,3.00),
	(1957,352,'7789916',7,4.00),
	(1958,353,'3635603',5,2.00),
	(1959,353,'4866688',1,5.00),
	(1960,353,'2044101',3,5.00),
	(1961,353,'5328360',6,1.00),
	(1962,353,'4912989',1,2.00),
	(1963,353,'2153720',4,1.00),
	(1964,353,'7002589',8,1.00),
	(1965,353,'9038111',7,5.00),
	(1966,354,'5343649',6,3.00),
	(1967,354,'6489518',5,4.00),
	(1968,354,'2569026',3,3.00),
	(1969,354,'2876428',6,5.00),
	(1970,354,'5889465',8,5.00),
	(1971,355,'4637764',3,5.00),
	(1972,355,'9066478',4,5.00),
	(1973,356,'3151815',2,4.00),
	(1974,356,'7188507',1,2.00),
	(1975,356,'5692905',1,1.00),
	(1976,356,'7968271',9,2.00),
	(1977,356,'2034505',2,2.00),
	(1978,356,'7440360',5,4.00),
	(1979,356,'5382316',3,3.00),
	(1980,356,'683252',9,4.00),
	(1981,357,'1370600',1,2.00),
	(1982,357,'5930320',10,4.00),
	(1983,357,'1704952',8,5.00),
	(1984,357,'535274',7,2.00),
	(1985,357,'5578517',7,5.00),
	(1986,358,'3403473',9,3.00),
	(1987,358,'1043214',4,3.00),
	(1988,358,'6698968',1,1.00),
	(1989,359,'7285978',3,2.00),
	(1990,359,'4054293',1,2.00),
	(1991,359,'5302190',4,1.00),
	(1992,359,'1845426',6,2.00),
	(1993,359,'8318488',4,4.00),
	(1994,359,'8769081',5,5.00),
	(1995,359,'6466635',4,4.00),
	(1996,359,'1803466',6,2.00),
	(1997,359,'7431103',10,3.00),
	(1998,359,'2324769',5,3.00),
	(1999,360,'9388848',4,3.00),
	(2000,360,'1460251',8,3.00),
	(2001,360,'2274727',10,3.00),
	(2002,360,'1043838',8,2.00),
	(2003,360,'6704790',10,1.00),
	(2004,360,'3596478',4,2.00),
	(2005,360,'5824378',1,3.00),
	(2006,360,'4955915',3,3.00),
	(2007,360,'373106',8,4.00),
	(2008,361,'3231151',5,3.00),
	(2009,361,'532381',6,2.00),
	(2010,362,'8032127',7,5.00),
	(2011,362,'8534558',3,4.00),
	(2012,362,'8616683',5,3.00),
	(2013,362,'6198154',2,4.00),
	(2014,362,'3789778',7,3.00),
	(2015,362,'6840481',6,4.00),
	(2016,363,'5974873',3,5.00),
	(2017,363,'4030009',3,3.00),
	(2018,363,'9633002',5,2.00),
	(2019,363,'9710882',9,3.00),
	(2020,363,'8582220',10,3.00),
	(2021,364,'6401970',2,3.00),
	(2022,365,'755725',3,4.00),
	(2023,365,'6738506',8,1.00),
	(2024,366,'687921',10,1.00),
	(2025,366,'2770300',3,2.00),
	(2026,366,'3968907',3,1.00),
	(2027,366,'6285790',5,5.00),
	(2028,366,'3517268',8,1.00),
	(2029,366,'5392911',9,5.00),
	(2030,367,'6032558',10,1.00),
	(2031,367,'9238644',8,5.00),
	(2032,367,'6164410',3,1.00),
	(2033,368,'1190793',2,5.00),
	(2034,368,'3156231',2,3.00),
	(2035,368,'3639558',6,5.00),
	(2036,368,'8706667',5,3.00),
	(2037,369,'4937307',4,5.00),
	(2038,369,'3497351',6,1.00),
	(2039,369,'3889172',3,1.00),
	(2040,369,'9332114',10,3.00),
	(2041,369,'7837020',2,4.00),
	(2042,369,'2833976',7,4.00),
	(2043,369,'4515585',8,5.00),
	(2044,369,'9382812',2,2.00),
	(2045,369,'6551049',2,1.00),
	(2046,370,'3508028',7,4.00),
	(2047,371,'8119472',6,1.00),
	(2048,371,'7513611',5,2.00),
	(2049,372,'9610911',5,3.00),
	(2050,372,'3645216',10,5.00),
	(2051,372,'3617575',4,4.00),
	(2052,372,'7797598',3,2.00),
	(2053,373,'3224846',3,3.00),
	(2054,374,'6880889',4,5.00),
	(2055,374,'3400980',2,5.00),
	(2056,374,'7206040',1,5.00),
	(2057,374,'4612837',3,3.00),
	(2058,374,'2336018',7,4.00),
	(2059,374,'7567151',8,1.00),
	(2060,374,'4407910',4,5.00),
	(2061,374,'4809061',9,4.00),
	(2062,375,'2301673',6,5.00),
	(2063,375,'6116985',1,3.00),
	(2064,375,'7619193',1,3.00),
	(2065,375,'7859161',5,2.00),
	(2066,375,'9486413',9,3.00),
	(2067,375,'4011886',8,4.00),
	(2068,376,'2511319',2,5.00),
	(2069,376,'7282767',10,2.00),
	(2070,376,'2045299',3,5.00),
	(2071,376,'9362482',9,4.00),
	(2072,376,'7814598',2,2.00),
	(2073,376,'1468044',4,5.00),
	(2074,377,'4230239',6,2.00),
	(2075,377,'1636910',5,4.00),
	(2076,377,'5536557',9,4.00),
	(2077,378,'8132766',8,2.00),
	(2078,378,'7476512',9,3.00),
	(2079,378,'6429610',4,5.00),
	(2080,378,'1851293',10,2.00),
	(2081,378,'3718827',5,1.00),
	(2082,378,'6555223',6,3.00),
	(2083,378,'9372547',6,1.00),
	(2084,379,'8346010',10,1.00),
	(2085,380,'1341584',4,1.00),
	(2086,380,'2074162',6,4.00),
	(2087,381,'3473406',9,1.00),
	(2088,381,'704919',7,3.00),
	(2089,381,'9713438',5,2.00),
	(2090,382,'3579392',8,4.00),
	(2091,382,'4612455',6,1.00),
	(2092,382,'8519538',1,4.00),
	(2093,382,'8964529',10,1.00),
	(2094,382,'6043256',8,3.00),
	(2095,383,'1307449',3,1.00),
	(2096,383,'3573440',4,2.00),
	(2097,383,'4057369',5,2.00),
	(2098,384,'8578545',3,4.00),
	(2099,385,'6167212',1,5.00),
	(2100,385,'3387925',7,1.00),
	(2101,385,'253774',6,4.00),
	(2102,385,'1471549',4,5.00),
	(2103,385,'936426',5,1.00),
	(2104,385,'6799606',9,4.00),
	(2105,385,'3686939',2,3.00),
	(2106,385,'547396',8,1.00),
	(2107,385,'8040180',3,2.00),
	(2108,385,'8594500',6,5.00),
	(2109,386,'3882684',10,3.00),
	(2110,386,'8453098',8,5.00),
	(2111,386,'6880526',5,5.00),
	(2112,387,'7118820',2,2.00),
	(2113,388,'6269582',8,3.00),
	(2114,388,'7816865',8,2.00),
	(2115,388,'5230143',6,4.00),
	(2116,388,'4866242',1,3.00),
	(2117,389,'1833082',5,3.00),
	(2118,389,'6402033',2,5.00),
	(2119,389,'8717941',4,2.00),
	(2120,389,'4534996',4,3.00),
	(2121,389,'7306655',9,1.00),
	(2122,389,'6703679',3,1.00),
	(2123,389,'9771897',8,1.00),
	(2124,389,'2290989',8,5.00),
	(2125,389,'1054307',3,2.00),
	(2126,389,'957251',3,5.00),
	(2127,390,'1061274',6,5.00),
	(2128,390,'9015576',2,1.00),
	(2129,390,'5402349',3,5.00),
	(2130,390,'4827337',3,4.00),
	(2131,390,'5360428',3,4.00),
	(2132,390,'5757461',10,5.00),
	(2133,390,'3371649',4,2.00),
	(2134,390,'5563780',5,2.00),
	(2135,391,'7308015',3,2.00),
	(2136,391,'8086934',6,5.00),
	(2137,391,'6633553',4,5.00),
	(2138,391,'9982419',7,2.00),
	(2139,391,'380514',2,2.00),
	(2140,391,'3778150',9,3.00),
	(2141,391,'7269747',8,3.00),
	(2142,391,'9989149',8,4.00),
	(2143,391,'6435446',6,1.00),
	(2144,391,'5767513',3,2.00),
	(2145,392,'8658484',7,2.00),
	(2146,392,'3062109',2,2.00),
	(2147,392,'8562430',1,5.00),
	(2148,392,'462689',3,3.00),
	(2149,392,'3681093',10,3.00),
	(2150,392,'9033422',7,4.00),
	(2151,392,'9709034',10,3.00),
	(2152,392,'7724847',8,3.00),
	(2153,392,'6838461',2,2.00),
	(2154,392,'2153790',10,2.00),
	(2155,393,'6538601',1,5.00),
	(2156,393,'8836842',6,2.00),
	(2157,393,'458205',5,3.00),
	(2158,393,'3606156',3,4.00),
	(2159,393,'2163877',10,2.00),
	(2160,394,'4563585',7,2.00),
	(2161,394,'8019860',5,1.00),
	(2162,394,'3975638',3,1.00),
	(2163,394,'6968161',4,4.00),
	(2164,394,'8889237',6,3.00),
	(2165,394,'4251078',3,2.00),
	(2166,394,'2449177',1,5.00),
	(2167,395,'5329764',3,3.00),
	(2168,395,'6837487',6,5.00),
	(2169,395,'1384241',1,1.00),
	(2170,395,'3571727',10,3.00),
	(2171,395,'8661264',9,4.00),
	(2172,395,'7161457',1,1.00),
	(2173,395,'7915532',6,5.00),
	(2174,395,'2011860',10,2.00),
	(2175,395,'7858148',2,3.00),
	(2176,395,'5104106',7,2.00),
	(2177,396,'2824764',2,1.00),
	(2178,396,'9558579',1,5.00),
	(2179,396,'1621339',2,2.00),
	(2180,396,'1006739',10,2.00),
	(2181,396,'6777352',1,4.00),
	(2182,396,'9033829',6,4.00),
	(2183,396,'1716347',8,3.00),
	(2184,396,'9933183',9,4.00),
	(2185,396,'6256133',10,3.00),
	(2186,396,'9915371',8,5.00),
	(2187,397,'8157571',7,4.00),
	(2188,397,'9585552',9,4.00),
	(2189,397,'3964604',1,5.00),
	(2190,397,'219825',9,1.00),
	(2191,397,'5349216',1,2.00),
	(2192,397,'9752112',2,2.00),
	(2193,397,'7491860',5,3.00),
	(2194,398,'3201907',1,3.00),
	(2195,398,'771993',1,4.00),
	(2196,399,'8089399',10,4.00),
	(2197,399,'708363',4,4.00),
	(2198,399,'3936206',1,1.00),
	(2199,399,'7429072',7,4.00),
	(2200,399,'6888239',8,3.00),
	(2201,400,'5684685',4,4.00),
	(2202,400,'6729466',3,4.00),
	(2203,400,'9060554',7,5.00),
	(2204,400,'5219948',1,2.00),
	(2205,400,'1905552',7,4.00),
	(2206,400,'3568666',2,3.00),
	(2207,400,'8769352',1,5.00),
	(2208,401,'2625442',2,1.00),
	(2209,401,'8381998',8,4.00),
	(2210,401,'5359456',3,5.00),
	(2211,401,'8831138',3,1.00),
	(2212,401,'6212525',7,3.00),
	(2213,401,'9756578',8,5.00),
	(2214,401,'1572888',8,3.00),
	(2215,401,'7148680',7,2.00),
	(2216,401,'4160746',5,2.00),
	(2217,401,'8685114',4,5.00),
	(2218,402,'857053',2,1.00),
	(2219,403,'2144436',9,3.00),
	(2220,403,'1221822',7,4.00),
	(2221,403,'9204866',2,5.00),
	(2222,403,'4353817',1,1.00),
	(2223,403,'8352748',6,2.00),
	(2224,403,'7311229',6,4.00),
	(2225,403,'9361085',5,3.00),
	(2226,403,'1627640',9,1.00),
	(2227,404,'7517654',7,2.00),
	(2228,404,'5086281',9,4.00),
	(2229,404,'6317265',6,1.00),
	(2230,404,'2912484',9,1.00),
	(2231,404,'8907419',4,2.00),
	(2232,404,'6103538',5,3.00),
	(2233,404,'1000285',6,3.00),
	(2234,405,'1402518',3,3.00),
	(2235,405,'977688',5,4.00),
	(2236,405,'8615477',3,3.00),
	(2237,405,'4160618',5,1.00),
	(2238,405,'529205',4,3.00),
	(2239,405,'4450008',5,1.00),
	(2240,405,'261760',5,2.00),
	(2241,405,'7007468',4,3.00),
	(2242,405,'2208219',8,5.00),
	(2243,406,'8525583',5,1.00),
	(2244,406,'3213418',6,4.00),
	(2245,406,'8604592',3,3.00),
	(2246,406,'7769073',1,3.00),
	(2247,406,'2031423',3,5.00),
	(2248,406,'5358588',2,4.00),
	(2249,407,'3175038',10,4.00),
	(2250,407,'7922352',10,2.00),
	(2251,407,'1393788',5,2.00),
	(2252,407,'8490554',1,4.00),
	(2253,407,'568979',4,2.00),
	(2254,408,'7093718',5,5.00),
	(2255,408,'7473015',2,3.00),
	(2256,408,'5637252',9,4.00),
	(2257,408,'8888205',7,4.00),
	(2258,408,'6907762',10,5.00),
	(2259,409,'3830480',9,4.00),
	(2260,409,'9087838',2,2.00),
	(2261,409,'1014432',10,2.00),
	(2262,409,'8084629',8,3.00),
	(2263,409,'4230864',5,1.00),
	(2264,409,'6098883',4,3.00),
	(2265,409,'9156468',6,2.00),
	(2266,409,'500078',3,5.00),
	(2267,409,'666124',4,3.00),
	(2268,409,'6303502',2,4.00),
	(2269,410,'4233231',5,1.00),
	(2270,410,'5569350',9,1.00),
	(2271,410,'5917883',7,4.00),
	(2272,410,'3752947',2,3.00),
	(2273,411,'8445092',8,4.00),
	(2274,411,'5042062',8,3.00),
	(2275,411,'1558120',6,3.00),
	(2276,411,'2788600',3,1.00),
	(2277,411,'3184928',10,1.00),
	(2278,411,'5384490',8,5.00),
	(2279,411,'2331727',5,5.00),
	(2280,411,'9726420',8,5.00),
	(2281,411,'9650252',8,2.00),
	(2282,411,'6591057',9,2.00),
	(2283,412,'6374295',9,2.00),
	(2284,413,'1660477',8,5.00),
	(2285,413,'2253637',9,3.00),
	(2286,413,'5597325',3,4.00),
	(2287,413,'4483399',5,4.00),
	(2288,413,'5322156',8,4.00),
	(2289,413,'7775994',4,2.00),
	(2290,413,'8553063',1,5.00),
	(2291,414,'3416229',2,3.00),
	(2292,414,'3387024',9,1.00),
	(2293,414,'4484825',8,1.00),
	(2294,414,'785574',10,1.00),
	(2295,414,'1956227',7,3.00),
	(2296,414,'5938311',7,5.00),
	(2297,414,'5411353',7,3.00),
	(2298,415,'8915625',1,3.00),
	(2299,416,'2266528',4,4.00),
	(2300,416,'5959861',7,3.00),
	(2301,416,'4302193',5,3.00),
	(2302,417,'1050397',9,1.00),
	(2303,417,'1981456',3,2.00),
	(2304,417,'9301666',9,5.00),
	(2305,417,'5059795',2,5.00),
	(2306,417,'4421258',1,3.00),
	(2307,417,'7756328',1,2.00),
	(2308,417,'2894769',7,4.00),
	(2309,417,'5095109',9,2.00),
	(2310,417,'6389159',4,5.00),
	(2311,418,'3537325',2,5.00),
	(2312,418,'8215355',9,5.00),
	(2313,418,'7269546',6,3.00),
	(2314,419,'7648653',6,4.00),
	(2315,419,'9737840',9,4.00),
	(2316,419,'7351581',4,2.00),
	(2317,419,'7733296',2,2.00),
	(2318,419,'7677305',3,1.00),
	(2319,419,'801142',8,4.00),
	(2320,419,'8926342',3,1.00),
	(2321,420,'8184822',10,2.00),
	(2322,420,'5440268',6,3.00),
	(2323,420,'6218480',1,5.00),
	(2324,420,'2254406',1,4.00),
	(2325,421,'3576532',5,2.00),
	(2326,421,'6496340',1,3.00),
	(2327,421,'482911',3,5.00),
	(2328,421,'6119302',1,1.00),
	(2329,421,'4774853',7,2.00),
	(2330,421,'2234172',10,3.00),
	(2331,422,'1994972',6,1.00),
	(2332,422,'1888946',9,3.00),
	(2333,422,'5825513',4,2.00),
	(2334,422,'3556063',5,3.00),
	(2335,422,'2672487',9,4.00),
	(2336,422,'5945345',9,1.00),
	(2337,422,'8782728',8,4.00),
	(2338,422,'2081411',6,4.00),
	(2339,422,'3205262',6,4.00),
	(2340,422,'4488336',2,4.00),
	(2341,423,'5249542',3,4.00),
	(2342,423,'6478778',3,3.00),
	(2343,423,'9355609',1,2.00),
	(2344,423,'3716646',2,3.00),
	(2345,423,'1080458',1,1.00),
	(2346,423,'902179',3,2.00),
	(2347,423,'195862',1,3.00),
	(2348,423,'7378786',3,4.00),
	(2349,423,'8657610',3,1.00),
	(2350,424,'8035955',1,4.00),
	(2351,424,'5261724',2,2.00),
	(2352,424,'3924864',1,1.00),
	(2353,424,'8900273',3,4.00),
	(2354,424,'4201607',1,5.00),
	(2355,424,'9308109',1,3.00),
	(2356,424,'1089928',3,1.00),
	(2357,424,'5535464',3,3.00),
	(2358,424,'2959883',3,1.00),
	(2359,424,'3326412',2,4.00),
	(2360,425,'4266802',2,1.00),
	(2361,425,'5494032',1,5.00),
	(2362,425,'8538937',1,4.00),
	(2363,425,'9513581',2,2.00),
	(2364,425,'6588602',2,5.00),
	(2365,425,'2607601',3,5.00),
	(2366,425,'8982457',1,5.00),
	(2367,426,'967278',3,5.00),
	(2368,427,'2806949',1,5.00),
	(2369,427,'1226164',3,1.00),
	(2370,427,'5389793',1,2.00),
	(2371,427,'3064478',3,4.00),
	(2372,427,'1003533',1,4.00),
	(2373,427,'1558556',3,4.00),
	(2374,427,'2625450',1,3.00),
	(2375,427,'350852',3,2.00),
	(2376,428,'1402293',3,4.00),
	(2377,428,'1423004',2,2.00),
	(2378,428,'1101609',3,4.00),
	(2379,428,'8755127',1,2.00),
	(2380,428,'9082522',3,4.00),
	(2381,428,'5790096',2,3.00),
	(2382,428,'4615358',3,3.00),
	(2383,428,'6095526',1,2.00),
	(2384,428,'7257941',1,4.00),
	(2385,428,'9137642',1,3.00),
	(2386,429,'7582988',3,1.00),
	(2387,429,'9893107',3,1.00),
	(2388,429,'4007881',2,4.00),
	(2389,429,'6725081',1,1.00),
	(2390,430,'8980021',2,5.00),
	(2391,430,'575404',1,4.00),
	(2392,430,'9779307',2,1.00),
	(2393,430,'8219447',2,1.00),
	(2394,431,'7243978',2,2.00),
	(2395,431,'3636692',1,4.00),
	(2396,431,'5649348',2,4.00),
	(2397,431,'2896081',3,2.00),
	(2398,431,'6771803',3,2.00),
	(2399,432,'1212791',2,5.00),
	(2400,432,'3351317',1,4.00),
	(2401,433,'2103600',1,2.00),
	(2402,434,'7992629',3,2.00),
	(2403,434,'1886336',1,3.00),
	(2404,434,'3249791',1,3.00),
	(2405,434,'3785834',2,1.00),
	(2406,434,'7958245',3,2.00),
	(2407,434,'2024880',1,1.00),
	(2408,434,'9310577',2,5.00),
	(2409,435,'541574',2,1.00),
	(2410,436,'2598500',3,3.00),
	(2411,436,'6489890',1,2.00),
	(2412,436,'3469694',1,3.00),
	(2413,436,'1504477',3,5.00),
	(2414,436,'5680850',1,4.00),
	(2415,437,'8683225',1,3.00),
	(2416,437,'7868525',3,3.00),
	(2417,437,'5465418',1,5.00),
	(2418,437,'3722462',2,4.00),
	(2419,437,'9573154',2,5.00),
	(2420,437,'3896487',1,1.00),
	(2421,437,'6863953',2,2.00),
	(2422,438,'4357225',2,5.00),
	(2423,438,'1049964',3,4.00),
	(2424,438,'9062457',1,3.00),
	(2425,438,'7363777',1,1.00),
	(2426,439,'2990589',3,4.00),
	(2427,439,'665984',2,4.00),
	(2428,439,'7213995',1,5.00),
	(2429,439,'9733074',3,1.00),
	(2430,439,'1905798',1,3.00),
	(2431,439,'624485',1,1.00),
	(2432,439,'5736557',2,3.00),
	(2433,440,'1345190',2,3.00),
	(2434,440,'4210096',3,5.00),
	(2435,440,'1920049',2,2.00),
	(2436,440,'6336088',1,3.00),
	(2437,440,'6978181',2,5.00),
	(2438,440,'3414511',1,2.00),
	(2439,440,'8965612',2,2.00),
	(2440,440,'6120562',3,3.00),
	(2441,440,'5981202',2,2.00),
	(2442,441,'964255',3,5.00),
	(2443,441,'783929',3,5.00),
	(2444,441,'7896194',2,1.00),
	(2445,441,'7119339',3,3.00),
	(2446,441,'6087549',3,4.00),
	(2447,441,'9425061',2,5.00),
	(2448,442,'2697533',3,1.00),
	(2449,442,'4010512',1,5.00),
	(2450,442,'3898239',2,1.00),
	(2451,442,'7847635',3,4.00),
	(2452,442,'2897140',3,1.00),
	(2453,442,'8084751',2,4.00),
	(2454,442,'5963953',1,1.00),
	(2455,442,'8092723',2,1.00),
	(2456,442,'535887',3,5.00),
	(2457,443,'4045179',2,1.00),
	(2458,443,'5447825',2,4.00),
	(2459,443,'472743',3,2.00),
	(2460,444,'8431482',3,5.00),
	(2461,444,'4273655',3,1.00),
	(2462,445,'7129514',1,1.00),
	(2463,445,'9175598',3,3.00),
	(2464,446,'4881378',2,2.00),
	(2465,446,'3568663',3,5.00),
	(2466,446,'837243',1,4.00),
	(2467,446,'4544288',3,1.00),
	(2468,446,'2693887',1,2.00),
	(2469,446,'779040',2,4.00),
	(2470,446,'6896449',2,2.00),
	(2471,447,'6659457',2,3.00),
	(2472,447,'8852025',2,3.00),
	(2473,447,'9495802',2,4.00),
	(2474,447,'7699027',3,1.00),
	(2475,447,'1167239',1,3.00),
	(2476,447,'1404411',1,2.00),
	(2477,447,'2880374',1,5.00),
	(2478,448,'7140340',3,2.00),
	(2479,448,'8455845',3,1.00),
	(2480,448,'1649986',3,3.00),
	(2481,449,'1246163',3,2.00),
	(2482,449,'6570077',2,2.00),
	(2483,449,'3229309',1,2.00),
	(2484,449,'8690299',2,5.00),
	(2485,449,'5185481',1,3.00),
	(2486,449,'6765235',1,2.00),
	(2487,449,'3082803',2,3.00),
	(2488,449,'9159174',2,1.00),
	(2489,449,'782660',2,1.00),
	(2490,449,'2507756',1,1.00),
	(2491,450,'2505302',3,3.00),
	(2492,450,'5785376',1,1.00),
	(2493,450,'4096542',3,5.00),
	(2494,451,'7216824',3,5.00),
	(2495,451,'765277',1,4.00),
	(2496,451,'6875497',1,5.00),
	(2497,451,'7236699',2,4.00),
	(2498,452,'7824627',1,5.00),
	(2499,452,'5892022',1,1.00),
	(2500,452,'1095742',1,5.00),
	(2501,452,'9045010',1,3.00),
	(2502,452,'5092578',1,3.00),
	(2503,452,'2751366',3,1.00),
	(2504,452,'9983116',2,5.00),
	(2505,453,'1249364',2,5.00),
	(2506,453,'1282731',3,4.00),
	(2507,453,'1761651',1,5.00),
	(2508,453,'7286415',3,5.00),
	(2509,453,'7874901',3,2.00),
	(2510,453,'1151125',3,2.00),
	(2511,453,'8305813',1,1.00),
	(2512,453,'6347649',3,5.00),
	(2513,454,'6044804',2,5.00),
	(2514,454,'4495845',1,1.00),
	(2515,454,'4687588',1,3.00),
	(2516,454,'1393353',2,2.00),
	(2517,454,'5871587',2,2.00),
	(2518,454,'8653988',2,1.00),
	(2519,454,'4430431',2,5.00),
	(2520,454,'7223177',1,3.00),
	(2521,455,'4170599',1,4.00),
	(2522,455,'5556049',2,1.00),
	(2523,455,'2827796',3,1.00),
	(2524,455,'4234539',2,4.00),
	(2525,455,'336515',3,1.00),
	(2526,455,'7616149',3,5.00),
	(2527,455,'1555876',3,2.00),
	(2528,455,'2817813',3,4.00),
	(2529,455,'5393132',2,2.00),
	(2530,455,'4155162',3,2.00),
	(2531,456,'7972576',1,1.00),
	(2532,456,'6121527',1,2.00),
	(2533,456,'8629325',1,3.00),
	(2534,456,'7823882',2,2.00),
	(2535,456,'2916117',2,5.00),
	(2536,456,'8866003',2,5.00),
	(2537,456,'4345184',3,1.00),
	(2538,456,'8888557',2,5.00),
	(2539,456,'8687229',2,3.00),
	(2540,456,'2244102',2,1.00),
	(2541,457,'1004418',1,5.00),
	(2542,457,'8134798',1,1.00),
	(2543,457,'4628585',3,4.00),
	(2544,457,'1726347',2,5.00),
	(2545,457,'7428399',2,1.00),
	(2546,457,'1742227',3,3.00),
	(2547,457,'8843649',2,5.00),
	(2548,457,'1051845',1,3.00),
	(2549,458,'7304926',2,3.00),
	(2550,458,'723704',3,3.00),
	(2551,458,'3774664',1,1.00),
	(2552,458,'9312813',1,1.00),
	(2553,458,'4839902',2,1.00),
	(2554,458,'8636127',3,2.00),
	(2555,458,'806478',3,5.00),
	(2556,459,'7913267',1,5.00),
	(2557,459,'9642006',2,3.00),
	(2558,459,'8759093',1,2.00),
	(2559,459,'1447656',3,5.00),
	(2560,459,'9179959',2,1.00),
	(2561,459,'9040036',2,5.00),
	(2562,460,'1291262',1,5.00),
	(2563,460,'5371153',2,2.00),
	(2564,461,'5915347',1,3.00),
	(2565,461,'2906687',3,4.00),
	(2566,461,'4705894',1,2.00),
	(2567,461,'8707886',1,1.00),
	(2568,461,'8315177',2,1.00),
	(2569,461,'9225163',3,3.00),
	(2570,461,'1119339',1,2.00),
	(2571,461,'3509557',3,3.00),
	(2572,461,'3596670',2,2.00),
	(2573,462,'3509497',1,4.00),
	(2574,462,'8956203',3,3.00),
	(2575,462,'4054387',2,3.00),
	(2576,462,'6828155',3,5.00),
	(2577,462,'8049944',1,4.00),
	(2578,463,'497691',3,3.00),
	(2579,463,'7929149',2,2.00),
	(2580,463,'2464050',3,2.00),
	(2581,463,'9646282',2,2.00),
	(2582,463,'2502294',2,5.00),
	(2583,464,'6355020',1,5.00),
	(2584,464,'1589063',3,5.00),
	(2585,464,'3533987',1,1.00),
	(2586,464,'8255792',3,2.00),
	(2587,465,'4649569',2,2.00),
	(2588,465,'7724105',3,2.00),
	(2589,465,'9821481',2,5.00),
	(2590,465,'9763347',2,5.00),
	(2591,465,'3835713',2,2.00),
	(2592,465,'5090391',1,3.00),
	(2593,466,'1934469',2,4.00),
	(2594,467,'8605134',1,2.00),
	(2595,467,'4241523',2,5.00),
	(2596,467,'8809667',2,4.00),
	(2597,468,'7889882',3,5.00),
	(2598,468,'9607530',3,3.00),
	(2599,468,'9503226',3,2.00),
	(2600,468,'716569',2,1.00),
	(2601,468,'3474082',3,1.00),
	(2602,468,'1978131',1,3.00),
	(2603,469,'5421775',1,3.00),
	(2604,469,'2471360',1,4.00),
	(2605,469,'1366109',1,5.00),
	(2606,469,'4718294',2,3.00),
	(2607,470,'1635549',3,1.00),
	(2608,470,'6590834',3,3.00),
	(2609,471,'4566335',3,2.00),
	(2610,471,'4515863',2,4.00),
	(2611,471,'2578070',1,1.00),
	(2612,471,'8990865',2,3.00),
	(2613,471,'633433',3,3.00),
	(2614,471,'5937671',3,1.00),
	(2615,472,'4531306',1,2.00),
	(2616,472,'6617338',2,1.00),
	(2617,472,'3400420',3,2.00),
	(2618,472,'407100',2,4.00),
	(2619,472,'9434289',1,2.00),
	(2620,472,'593130',3,5.00),
	(2621,472,'5500836',2,1.00),
	(2622,472,'7658487',2,4.00),
	(2623,472,'4923658',2,5.00),
	(2624,473,'4404499',1,4.00),
	(2625,473,'3549624',2,5.00),
	(2626,473,'4475379',2,1.00),
	(2627,473,'6752036',2,3.00),
	(2628,473,'5245911',1,2.00),
	(2629,473,'2450662',1,2.00),
	(2630,474,'667758',2,4.00),
	(2631,474,'2673278',1,4.00),
	(2632,474,'5822110',2,5.00),
	(2633,474,'4110921',3,5.00),
	(2634,474,'6393798',1,5.00),
	(2635,474,'9692365',2,1.00),
	(2636,474,'9927077',1,2.00),
	(2637,474,'6491551',2,4.00),
	(2638,475,'9155006',1,5.00),
	(2639,476,'639878',2,4.00),
	(2640,476,'3150280',3,4.00),
	(2641,476,'9848115',2,2.00),
	(2642,476,'6103532',2,3.00),
	(2643,476,'2780872',2,1.00),
	(2644,476,'5405421',1,4.00),
	(2645,476,'8861485',3,4.00),
	(2646,476,'630230',3,5.00),
	(2647,476,'8201969',1,5.00),
	(2648,476,'5404793',1,1.00);

/*!40000 ALTER TABLE `order_item` ENABLE KEYS */;
UNLOCK TABLES;


# Dump of table orders
# ------------------------------------------------------------

DROP TABLE IF EXISTS `orders`;

CREATE TABLE `orders` (
  `id` int(10) unsigned NOT NULL AUTO_INCREMENT,
  `customer_id` int(10) unsigned NOT NULL,
  `created_at` datetime NOT NULL,
  `country_id` int(10) unsigned NOT NULL,
  `device_id` int(10) unsigned NOT NULL,
  PRIMARY KEY (`id`),
  KEY `customer_id` (`customer_id`),
  KEY `country_id` (`country_id`),
  KEY `device_id` (`device_id`),
  CONSTRAINT `orders_ibfk_1` FOREIGN KEY (`customer_id`) REFERENCES `customers` (`id`),
  CONSTRAINT `orders_ibfk_2` FOREIGN KEY (`country_id`) REFERENCES `countries` (`id`),
  CONSTRAINT `orders_ibfk_3` FOREIGN KEY (`device_id`) REFERENCES `devices` (`id`)
) ENGINE=InnoDB AUTO_INCREMENT=477 DEFAULT CHARSET=utf8;

LOCK TABLES `orders` WRITE;
/*!40000 ALTER TABLE `orders` DISABLE KEYS */;

INSERT INTO `orders` (`id`, `customer_id`, `created_at`, `country_id`, `device_id`)
VALUES
	(1,12,'2018-01-01 00:00:00',6,1),
	(2,11,'2018-01-02 00:00:00',4,1),
	(3,13,'2018-01-03 00:00:00',2,1),
	(4,2,'2018-01-04 00:00:00',5,1),
	(5,9,'2018-01-05 00:00:00',5,1),
	(6,12,'2018-01-06 00:00:00',2,1),
	(7,13,'2018-01-07 00:00:00',1,1),
	(8,1,'2018-01-08 00:00:00',5,1),
	(9,13,'2018-01-09 00:00:00',6,1),
	(10,11,'2018-01-10 00:00:00',2,1),
	(11,1,'2018-01-11 00:00:00',1,1),
	(12,11,'2018-01-12 00:00:00',2,1),
	(13,2,'2018-01-13 00:00:00',3,1),
	(14,16,'2018-01-14 00:00:00',4,1),
	(15,16,'2018-01-15 00:00:00',4,1),
	(16,11,'2018-01-16 00:00:00',3,1),
	(17,10,'2018-01-17 00:00:00',3,1),
	(18,3,'2018-01-18 00:00:00',1,1),
	(19,1,'2018-01-19 00:00:00',2,1),
	(20,16,'2018-01-20 00:00:00',4,1),
	(21,11,'2018-01-21 00:00:00',2,1),
	(22,12,'2018-01-22 00:00:00',4,1),
	(23,9,'2018-01-23 00:00:00',2,1),
	(24,9,'2018-01-24 00:00:00',4,1),
	(25,4,'2018-01-25 00:00:00',1,1),
	(26,1,'2018-01-26 00:00:00',4,1),
	(27,4,'2018-01-27 00:00:00',2,1),
	(28,1,'2018-01-28 00:00:00',6,1),
	(29,3,'2018-01-29 00:00:00',4,1),
	(30,15,'2018-01-30 00:00:00',2,1),
	(31,14,'2018-01-01 00:00:00',6,1),
	(32,1,'2018-01-02 00:00:00',4,1),
	(33,1,'2018-01-03 00:00:00',3,1),
	(34,3,'2018-01-04 00:00:00',2,1),
	(35,2,'2018-01-05 00:00:00',3,1),
	(36,2,'2018-01-06 00:00:00',2,1),
	(37,9,'2018-01-07 00:00:00',2,1),
	(38,10,'2018-01-08 00:00:00',1,1),
	(39,13,'2018-01-09 00:00:00',2,1),
	(40,15,'2018-01-10 00:00:00',5,1),
	(41,13,'2018-01-11 00:00:00',4,1),
	(42,15,'2018-01-12 00:00:00',3,1),
	(43,10,'2018-01-13 00:00:00',3,1),
	(44,9,'2018-01-14 00:00:00',2,1),
	(45,10,'2018-01-15 00:00:00',5,1),
	(46,2,'2018-01-16 00:00:00',1,1),
	(47,10,'2018-01-17 00:00:00',3,1),
	(48,14,'2018-01-18 00:00:00',4,1),
	(49,15,'2018-01-19 00:00:00',2,1),
	(50,9,'2018-01-20 00:00:00',2,1),
	(51,2,'2018-01-21 00:00:00',4,1),
	(52,2,'2018-01-22 00:00:00',5,1),
	(53,15,'2018-01-23 00:00:00',1,1),
	(54,11,'2018-01-24 00:00:00',2,1),
	(55,3,'2018-01-25 00:00:00',2,1),
	(56,12,'2018-01-26 00:00:00',6,1),
	(57,13,'2018-01-27 00:00:00',3,1),
	(58,14,'2018-01-28 00:00:00',3,1),
	(59,9,'2018-01-29 00:00:00',1,1),
	(60,2,'2018-01-30 00:00:00',6,1),
	(61,12,'2018-01-01 00:00:00',6,1),
	(62,3,'2018-01-02 00:00:00',1,1),
	(63,9,'2018-01-03 00:00:00',2,1),
	(64,10,'2018-01-04 00:00:00',5,1),
	(65,16,'2018-01-05 00:00:00',1,1),
	(66,2,'2018-01-06 00:00:00',4,1),
	(67,9,'2018-01-07 00:00:00',6,1),
	(68,9,'2018-01-08 00:00:00',3,1),
	(69,1,'2018-01-09 00:00:00',2,1),
	(70,11,'2018-01-10 00:00:00',4,1),
	(71,11,'2018-01-11 00:00:00',6,1),
	(72,4,'2018-01-12 00:00:00',5,1),
	(73,15,'2018-01-13 00:00:00',2,1),
	(74,11,'2018-01-14 00:00:00',3,1),
	(75,11,'2018-01-15 00:00:00',4,1),
	(76,10,'2018-01-16 00:00:00',2,1),
	(77,9,'2018-01-17 00:00:00',1,1),
	(78,15,'2018-01-18 00:00:00',3,1),
	(79,13,'2018-01-19 00:00:00',6,1),
	(80,14,'2018-01-20 00:00:00',3,1),
	(81,4,'2018-01-21 00:00:00',3,1),
	(82,11,'2018-01-22 00:00:00',1,1),
	(83,10,'2018-01-23 00:00:00',4,1),
	(84,9,'2018-01-24 00:00:00',2,1),
	(85,16,'2018-01-25 00:00:00',4,1),
	(86,13,'2018-01-26 00:00:00',3,1),
	(87,11,'2018-01-27 00:00:00',3,1),
	(88,15,'2018-01-28 00:00:00',3,1),
	(89,11,'2018-01-29 00:00:00',5,1),
	(90,4,'2018-01-30 00:00:00',6,1),
	(91,14,'2018-01-01 00:00:00',6,1),
	(92,16,'2018-01-02 00:00:00',1,1),
	(93,11,'2018-01-03 00:00:00',3,1),
	(94,13,'2018-01-04 00:00:00',2,1),
	(95,10,'2018-01-05 00:00:00',3,1),
	(96,16,'2018-01-06 00:00:00',5,1),
	(97,9,'2018-01-07 00:00:00',1,1),
	(98,13,'2018-01-08 00:00:00',1,1),
	(99,1,'2018-01-09 00:00:00',2,1),
	(100,16,'2018-01-10 00:00:00',5,1),
	(101,3,'2018-01-11 00:00:00',3,1),
	(102,9,'2018-01-12 00:00:00',5,1),
	(103,15,'2018-01-13 00:00:00',3,1),
	(104,16,'2018-01-14 00:00:00',1,1),
	(105,4,'2018-01-15 00:00:00',5,1),
	(106,3,'2018-01-16 00:00:00',5,1),
	(107,2,'2018-01-17 00:00:00',1,1),
	(108,13,'2018-01-18 00:00:00',4,1),
	(109,13,'2018-01-19 00:00:00',3,1),
	(110,1,'2018-01-20 00:00:00',2,1),
	(111,9,'2018-01-21 00:00:00',3,1),
	(112,11,'2018-01-22 00:00:00',5,1),
	(113,16,'2018-01-23 00:00:00',3,1),
	(114,11,'2018-01-24 00:00:00',2,1),
	(115,3,'2018-01-25 00:00:00',4,1),
	(116,2,'2018-01-26 00:00:00',5,1),
	(117,16,'2018-01-27 00:00:00',6,1),
	(118,2,'2018-01-28 00:00:00',3,1),
	(119,11,'2018-01-29 00:00:00',5,1),
	(120,12,'2018-01-30 00:00:00',6,1),
	(121,15,'2018-01-01 00:00:00',2,1),
	(122,12,'2018-01-02 00:00:00',6,1),
	(123,10,'2018-01-03 00:00:00',6,1),
	(124,4,'2018-01-04 00:00:00',1,1),
	(125,4,'2018-01-05 00:00:00',1,1),
	(126,12,'2018-01-06 00:00:00',3,1),
	(127,13,'2018-01-07 00:00:00',3,1),
	(128,4,'2018-01-08 00:00:00',5,1),
	(129,11,'2018-01-09 00:00:00',2,1),
	(130,4,'2018-01-10 00:00:00',6,1),
	(131,3,'2018-01-11 00:00:00',5,1),
	(132,12,'2018-01-12 00:00:00',4,1),
	(133,4,'2018-01-13 00:00:00',6,1),
	(134,14,'2018-01-14 00:00:00',1,1),
	(135,12,'2018-01-15 00:00:00',4,1),
	(136,13,'2018-01-16 00:00:00',4,1),
	(137,15,'2018-01-17 00:00:00',1,1),
	(138,3,'2018-01-18 00:00:00',6,1),
	(139,2,'2018-01-19 00:00:00',5,1),
	(140,14,'2018-01-20 00:00:00',2,1),
	(141,12,'2018-01-21 00:00:00',5,1),
	(142,2,'2018-01-22 00:00:00',5,1),
	(143,16,'2018-01-23 00:00:00',4,1),
	(144,11,'2018-01-24 00:00:00',6,1),
	(145,9,'2018-01-25 00:00:00',1,1),
	(146,10,'2018-01-26 00:00:00',3,1),
	(147,2,'2018-01-27 00:00:00',2,1),
	(148,16,'2018-01-28 00:00:00',2,1),
	(149,13,'2018-01-29 00:00:00',3,1),
	(150,14,'2018-01-30 00:00:00',2,1),
	(151,12,'2018-01-01 00:00:00',3,1),
	(152,9,'2018-01-02 00:00:00',2,1),
	(153,4,'2018-01-03 00:00:00',6,1),
	(154,3,'2018-01-04 00:00:00',2,1),
	(155,13,'2018-01-05 00:00:00',3,1),
	(156,9,'2018-01-06 00:00:00',4,1),
	(157,9,'2018-01-07 00:00:00',4,1),
	(158,9,'2018-01-08 00:00:00',4,1),
	(159,13,'2018-01-09 00:00:00',5,1),
	(160,1,'2018-01-10 00:00:00',2,1),
	(161,1,'2018-01-11 00:00:00',3,1),
	(162,1,'2018-01-12 00:00:00',3,1),
	(163,4,'2018-01-13 00:00:00',3,1),
	(164,10,'2018-01-14 00:00:00',1,1),
	(165,4,'2018-01-15 00:00:00',2,1),
	(166,13,'2018-01-16 00:00:00',5,1),
	(167,15,'2018-01-17 00:00:00',1,1),
	(168,9,'2018-01-18 00:00:00',5,1),
	(169,16,'2018-01-19 00:00:00',5,1),
	(170,3,'2018-01-20 00:00:00',4,1),
	(171,12,'2018-01-21 00:00:00',6,1),
	(172,16,'2018-01-22 00:00:00',1,1),
	(173,4,'2018-01-23 00:00:00',6,1),
	(174,11,'2018-01-24 00:00:00',6,1),
	(175,4,'2018-01-25 00:00:00',5,1),
	(176,2,'2018-01-26 00:00:00',4,1),
	(177,9,'2018-01-27 00:00:00',2,1),
	(178,4,'2018-01-28 00:00:00',1,1),
	(179,10,'2018-01-29 00:00:00',4,1),
	(180,11,'2018-01-30 00:00:00',4,1),
	(181,9,'2018-01-01 00:00:00',2,1),
	(182,4,'2018-01-02 00:00:00',3,1),
	(183,16,'2018-01-03 00:00:00',5,1),
	(184,12,'2018-01-04 00:00:00',4,1),
	(185,12,'2018-01-05 00:00:00',5,1),
	(186,1,'2018-01-06 00:00:00',3,1),
	(187,2,'2018-01-07 00:00:00',5,1),
	(188,2,'2018-01-08 00:00:00',1,1),
	(189,2,'2018-01-09 00:00:00',1,1),
	(190,4,'2018-01-10 00:00:00',3,1),
	(191,14,'2018-01-11 00:00:00',1,1),
	(192,2,'2018-01-12 00:00:00',6,1),
	(193,10,'2018-01-13 00:00:00',2,1),
	(194,4,'2018-01-14 00:00:00',2,1),
	(195,13,'2018-01-15 00:00:00',1,1),
	(196,16,'2018-01-16 00:00:00',1,1),
	(197,3,'2018-01-17 00:00:00',2,1),
	(198,12,'2018-01-18 00:00:00',2,1),
	(199,15,'2018-01-19 00:00:00',4,1),
	(200,14,'2018-01-20 00:00:00',6,1),
	(201,3,'2018-01-21 00:00:00',3,1),
	(202,10,'2018-01-22 00:00:00',2,1),
	(203,11,'2018-01-23 00:00:00',4,1),
	(204,13,'2018-01-24 00:00:00',1,1),
	(205,3,'2018-01-25 00:00:00',3,1),
	(206,9,'2018-01-26 00:00:00',6,1),
	(207,4,'2018-01-27 00:00:00',5,1),
	(208,15,'2018-01-28 00:00:00',1,1),
	(209,2,'2018-01-29 00:00:00',4,1),
	(210,9,'2018-01-30 00:00:00',6,1),
	(211,1,'2018-01-01 00:00:00',4,1),
	(212,1,'2018-01-02 00:00:00',2,1),
	(213,2,'2018-01-03 00:00:00',3,1),
	(214,12,'2018-01-04 00:00:00',3,1),
	(215,14,'2018-01-05 00:00:00',3,1),
	(216,16,'2018-01-06 00:00:00',6,1),
	(217,9,'2018-01-07 00:00:00',3,1),
	(218,10,'2018-01-08 00:00:00',3,1),
	(219,14,'2018-01-09 00:00:00',5,1),
	(220,9,'2018-01-10 00:00:00',1,1),
	(221,12,'2018-01-11 00:00:00',2,1),
	(222,12,'2018-01-12 00:00:00',1,1),
	(223,10,'2018-01-13 00:00:00',5,1),
	(224,10,'2018-01-14 00:00:00',6,1),
	(225,12,'2018-01-15 00:00:00',1,1),
	(226,16,'2018-01-16 00:00:00',1,1),
	(227,3,'2018-01-17 00:00:00',5,1),
	(228,2,'2018-01-18 00:00:00',2,1),
	(229,1,'2018-01-19 00:00:00',5,1),
	(230,14,'2018-01-20 00:00:00',6,1),
	(231,2,'2018-01-21 00:00:00',4,1),
	(232,1,'2018-01-22 00:00:00',4,1),
	(233,4,'2018-01-23 00:00:00',4,1),
	(234,14,'2018-01-24 00:00:00',5,1),
	(235,15,'2018-01-25 00:00:00',3,1),
	(236,10,'2018-01-26 00:00:00',1,1),
	(237,15,'2018-01-27 00:00:00',6,1),
	(238,2,'2018-01-28 00:00:00',1,1),
	(239,1,'2018-01-29 00:00:00',6,1),
	(240,14,'2018-01-30 00:00:00',1,1),
	(241,1,'2018-01-01 00:00:00',2,1),
	(242,9,'2018-01-02 00:00:00',6,1),
	(243,11,'2018-01-03 00:00:00',4,1),
	(244,12,'2018-01-04 00:00:00',6,1),
	(245,9,'2018-01-05 00:00:00',3,1),
	(246,1,'2018-01-06 00:00:00',5,1),
	(247,11,'2018-01-07 00:00:00',1,1),
	(248,2,'2018-01-08 00:00:00',5,1),
	(249,10,'2018-01-09 00:00:00',1,1),
	(250,14,'2018-01-10 00:00:00',2,1),
	(251,13,'2018-01-11 00:00:00',5,1),
	(252,9,'2018-01-12 00:00:00',4,1),
	(253,12,'2018-01-13 00:00:00',2,1),
	(254,10,'2018-01-14 00:00:00',5,1),
	(255,3,'2018-01-15 00:00:00',5,1),
	(256,14,'2018-01-16 00:00:00',2,1),
	(257,15,'2018-01-17 00:00:00',1,1),
	(258,3,'2018-01-18 00:00:00',5,1),
	(259,12,'2018-01-19 00:00:00',3,1),
	(260,11,'2018-01-20 00:00:00',6,1),
	(261,16,'2018-01-21 00:00:00',1,1),
	(262,4,'2018-01-22 00:00:00',2,1),
	(263,9,'2018-01-23 00:00:00',6,1),
	(264,15,'2018-01-24 00:00:00',4,1),
	(265,4,'2018-01-25 00:00:00',6,1),
	(266,1,'2018-01-26 00:00:00',5,1),
	(267,4,'2018-01-27 00:00:00',2,1),
	(268,2,'2018-01-28 00:00:00',3,1),
	(269,15,'2018-01-29 00:00:00',4,1),
	(270,3,'2018-01-30 00:00:00',4,1),
	(271,1,'2018-01-01 00:00:00',1,1),
	(272,15,'2018-01-02 00:00:00',5,1),
	(273,14,'2018-01-03 00:00:00',5,1),
	(274,2,'2018-01-04 00:00:00',1,1),
	(275,10,'2018-01-05 00:00:00',1,1),
	(276,13,'2018-01-06 00:00:00',6,1),
	(277,10,'2018-01-07 00:00:00',2,1),
	(278,13,'2018-01-08 00:00:00',5,1),
	(279,15,'2018-01-09 00:00:00',5,1),
	(280,3,'2018-01-10 00:00:00',5,1),
	(281,15,'2018-01-11 00:00:00',6,1),
	(282,2,'2018-01-12 00:00:00',6,1),
	(283,12,'2018-01-13 00:00:00',4,1),
	(284,9,'2018-01-14 00:00:00',5,1),
	(285,13,'2018-01-15 00:00:00',1,1),
	(286,10,'2018-01-16 00:00:00',2,1),
	(287,1,'2018-01-17 00:00:00',1,1),
	(288,15,'2018-01-18 00:00:00',2,1),
	(289,3,'2018-01-19 00:00:00',2,1),
	(290,3,'2018-01-20 00:00:00',4,1),
	(291,14,'2018-01-21 00:00:00',1,1),
	(292,2,'2018-01-22 00:00:00',2,1),
	(293,14,'2018-01-23 00:00:00',5,1),
	(294,11,'2018-01-24 00:00:00',6,1),
	(295,15,'2018-01-25 00:00:00',6,1),
	(296,12,'2018-01-26 00:00:00',2,1),
	(297,10,'2018-01-27 00:00:00',4,1),
	(298,11,'2018-01-28 00:00:00',6,1),
	(299,4,'2018-01-29 00:00:00',3,1),
	(300,2,'2018-01-30 00:00:00',4,1),
	(301,10,'2018-01-01 00:00:00',5,1),
	(302,1,'2018-01-02 00:00:00',5,1),
	(303,9,'2018-01-03 00:00:00',3,1),
	(304,4,'2018-01-04 00:00:00',3,1),
	(305,9,'2018-01-05 00:00:00',2,1),
	(306,10,'2018-01-06 00:00:00',5,1),
	(307,13,'2018-01-07 00:00:00',3,1),
	(308,2,'2018-01-08 00:00:00',4,1),
	(309,14,'2018-01-09 00:00:00',4,1),
	(310,13,'2018-01-10 00:00:00',1,1),
	(311,1,'2018-01-11 00:00:00',4,1),
	(312,15,'2018-01-12 00:00:00',3,1),
	(313,10,'2018-01-13 00:00:00',1,1),
	(314,15,'2018-01-14 00:00:00',6,1),
	(315,13,'2018-01-15 00:00:00',1,1),
	(316,3,'2018-01-16 00:00:00',4,1),
	(317,13,'2018-01-17 00:00:00',5,1),
	(318,12,'2018-01-18 00:00:00',5,1),
	(319,10,'2018-01-19 00:00:00',2,1),
	(320,10,'2018-01-20 00:00:00',3,1),
	(321,2,'2018-01-21 00:00:00',3,1),
	(322,3,'2018-01-22 00:00:00',4,1),
	(323,1,'2018-01-23 00:00:00',3,1),
	(324,14,'2018-01-24 00:00:00',4,1),
	(325,1,'2018-01-25 00:00:00',5,1),
	(326,14,'2018-01-26 00:00:00',2,1),
	(327,13,'2018-01-27 00:00:00',6,1),
	(328,16,'2018-01-28 00:00:00',5,1),
	(329,11,'2018-01-29 00:00:00',3,1),
	(330,2,'2018-01-30 00:00:00',2,1),
	(331,4,'2018-01-01 00:00:00',2,1),
	(332,2,'2018-01-02 00:00:00',3,1),
	(333,4,'2018-01-03 00:00:00',1,1),
	(334,2,'2018-01-04 00:00:00',3,1),
	(335,2,'2018-01-05 00:00:00',5,1),
	(336,10,'2018-01-06 00:00:00',1,1),
	(337,10,'2018-01-07 00:00:00',6,1),
	(338,9,'2018-01-08 00:00:00',3,1),
	(339,11,'2018-01-09 00:00:00',4,1),
	(340,16,'2018-01-10 00:00:00',6,1),
	(341,9,'2018-01-11 00:00:00',3,1),
	(342,15,'2018-01-12 00:00:00',2,1),
	(343,11,'2018-01-13 00:00:00',1,1),
	(344,10,'2018-01-14 00:00:00',2,1),
	(345,10,'2018-01-15 00:00:00',6,1),
	(346,10,'2018-01-16 00:00:00',5,1),
	(347,12,'2018-01-17 00:00:00',3,1),
	(348,4,'2018-01-18 00:00:00',1,1),
	(349,2,'2018-01-19 00:00:00',3,1),
	(350,15,'2018-01-20 00:00:00',3,1),
	(351,11,'2018-01-21 00:00:00',4,1),
	(352,9,'2018-01-22 00:00:00',3,1),
	(353,3,'2018-01-23 00:00:00',1,1),
	(354,16,'2018-01-24 00:00:00',1,1),
	(355,16,'2018-01-25 00:00:00',1,1),
	(356,3,'2018-01-26 00:00:00',5,1),
	(357,13,'2018-01-27 00:00:00',3,1),
	(358,10,'2018-01-28 00:00:00',6,1),
	(359,15,'2018-01-29 00:00:00',5,1),
	(360,3,'2018-01-30 00:00:00',2,1),
	(361,11,'2018-01-01 00:00:00',1,1),
	(362,13,'2018-01-02 00:00:00',2,1),
	(363,3,'2018-01-03 00:00:00',1,1),
	(364,13,'2018-01-04 00:00:00',4,1),
	(365,14,'2018-01-05 00:00:00',1,1),
	(366,13,'2018-01-06 00:00:00',5,1),
	(367,1,'2018-01-07 00:00:00',1,1),
	(368,14,'2018-01-08 00:00:00',1,1),
	(369,10,'2018-01-09 00:00:00',3,1),
	(370,15,'2018-01-10 00:00:00',1,1),
	(371,14,'2018-01-11 00:00:00',6,1),
	(372,11,'2018-01-12 00:00:00',4,1),
	(373,15,'2018-01-13 00:00:00',5,1),
	(374,4,'2018-01-14 00:00:00',5,1),
	(375,11,'2018-01-15 00:00:00',6,1),
	(376,13,'2018-01-16 00:00:00',5,1),
	(377,14,'2018-01-17 00:00:00',6,1),
	(378,9,'2018-01-18 00:00:00',6,1),
	(379,13,'2018-01-19 00:00:00',4,1),
	(380,9,'2018-01-20 00:00:00',5,1),
	(381,2,'2018-01-21 00:00:00',4,1),
	(382,11,'2018-01-22 00:00:00',2,1),
	(383,16,'2018-01-23 00:00:00',5,1),
	(384,2,'2018-01-24 00:00:00',1,1),
	(385,1,'2018-01-25 00:00:00',6,1),
	(386,9,'2018-01-26 00:00:00',3,1),
	(387,1,'2018-01-27 00:00:00',5,1),
	(388,14,'2018-01-28 00:00:00',1,1),
	(389,13,'2018-01-29 00:00:00',2,1),
	(390,4,'2018-01-30 00:00:00',6,1),
	(391,3,'2018-01-31 00:00:00',2,1),
	(392,14,'2018-01-01 00:00:00',1,1),
	(393,14,'2018-01-02 00:00:00',4,1),
	(394,3,'2018-01-03 00:00:00',2,1),
	(395,10,'2018-01-04 00:00:00',1,1),
	(396,1,'2018-01-05 00:00:00',2,1),
	(397,3,'2018-01-06 00:00:00',6,1),
	(398,10,'2018-01-07 00:00:00',4,1),
	(399,2,'2018-01-08 00:00:00',4,1),
	(400,11,'2018-01-09 00:00:00',2,1),
	(401,1,'2018-01-10 00:00:00',5,1),
	(402,15,'2018-01-11 00:00:00',6,1),
	(403,3,'2018-01-12 00:00:00',5,1),
	(404,4,'2018-01-13 00:00:00',3,1),
	(405,14,'2018-01-14 00:00:00',2,1),
	(406,13,'2018-01-15 00:00:00',4,1),
	(407,13,'2018-01-16 00:00:00',1,1),
	(408,11,'2018-01-17 00:00:00',4,1),
	(409,1,'2018-01-18 00:00:00',1,1),
	(410,10,'2018-01-19 00:00:00',5,1),
	(411,14,'2018-01-20 00:00:00',1,1),
	(412,15,'2018-01-21 00:00:00',3,1),
	(413,16,'2018-01-22 00:00:00',4,1),
	(414,2,'2018-01-23 00:00:00',1,1),
	(415,11,'2018-01-24 00:00:00',6,1),
	(416,2,'2018-01-25 00:00:00',6,1),
	(417,3,'2018-01-26 00:00:00',1,1),
	(418,14,'2018-01-27 00:00:00',3,1),
	(419,4,'2018-01-28 00:00:00',1,1),
	(420,15,'2018-01-29 00:00:00',4,1),
	(421,14,'2018-01-30 00:00:00',4,1),
	(422,16,'2018-01-31 00:00:00',2,1),
	(423,12,'2018-01-01 00:00:00',1,1),
	(424,15,'2018-01-02 00:00:00',6,1),
	(425,15,'2018-01-03 00:00:00',6,1),
	(426,14,'2018-01-04 00:00:00',6,1),
	(427,12,'2018-01-05 00:00:00',4,1),
	(428,12,'2018-01-06 00:00:00',5,1),
	(429,14,'2018-01-07 00:00:00',2,1),
	(430,9,'2018-01-08 00:00:00',3,1),
	(431,15,'2018-01-09 00:00:00',6,1),
	(432,2,'2018-01-10 00:00:00',5,1),
	(433,3,'2018-01-11 00:00:00',4,1),
	(434,10,'2018-01-12 00:00:00',2,1),
	(435,11,'2018-01-13 00:00:00',3,1),
	(436,16,'2018-01-14 00:00:00',5,1),
	(437,15,'2018-01-15 00:00:00',1,1),
	(438,4,'2018-01-16 00:00:00',1,1),
	(439,10,'2018-01-17 00:00:00',4,1),
	(440,16,'2018-01-18 00:00:00',2,1),
	(441,2,'2018-01-19 00:00:00',2,1),
	(442,16,'2018-01-20 00:00:00',6,1),
	(443,2,'2018-01-21 00:00:00',5,1),
	(444,14,'2018-01-22 00:00:00',3,1),
	(445,12,'2018-01-23 00:00:00',5,1),
	(446,9,'2018-01-24 00:00:00',5,1),
	(447,16,'2018-01-25 00:00:00',5,1),
	(448,4,'2018-01-26 00:00:00',3,1),
	(449,10,'2018-01-27 00:00:00',3,1),
	(450,13,'2018-01-28 00:00:00',2,1),
	(451,16,'2018-01-29 00:00:00',6,1),
	(452,2,'2018-01-30 00:00:00',6,1),
	(453,4,'2018-01-31 00:00:00',1,1),
	(454,2,'2018-01-03 00:00:00',6,1),
	(455,14,'2018-01-04 00:00:00',6,1),
	(456,3,'2018-01-05 00:00:00',6,1),
	(457,11,'2018-01-06 00:00:00',6,1),
	(458,14,'2018-01-08 00:00:00',2,1),
	(459,9,'2018-01-09 00:00:00',4,1),
	(460,15,'2018-01-10 00:00:00',5,1),
	(461,15,'2018-01-10 00:00:00',1,1),
	(462,10,'2018-01-11 00:00:00',3,1),
	(463,12,'2018-01-12 00:00:00',4,1),
	(464,16,'2018-01-13 00:00:00',5,1),
	(465,16,'2018-01-14 00:00:00',5,1),
	(466,16,'2018-01-15 00:00:00',6,1),
	(467,12,'2018-01-05 23:14:00',2,1),
	(468,13,'2018-01-06 12:52:00',3,1),
	(469,13,'2018-01-07 22:14:00',3,1),
	(470,4,'2018-01-08 16:56:00',3,1),
	(471,14,'2018-01-16 18:34:00',5,1),
	(472,2,'2018-01-17 10:01:00',2,1),
	(473,9,'2018-01-18 08:32:00',6,1),
	(474,2,'2018-01-19 13:23:00',5,1),
	(475,10,'2018-01-20 11:10:00',5,1),
	(476,13,'2018-01-21 10:00:00',4,1);

/*!40000 ALTER TABLE `orders` ENABLE KEYS */;
UNLOCK TABLES;



/*!40111 SET SQL_NOTES=@OLD_SQL_NOTES */;
/*!40101 SET SQL_MODE=@OLD_SQL_MODE */;
/*!40014 SET FOREIGN_KEY_CHECKS=@OLD_FOREIGN_KEY_CHECKS */;
/*!40101 SET CHARACTER_SET_CLIENT=@OLD_CHARACTER_SET_CLIENT */;
/*!40101 SET CHARACTER_SET_RESULTS=@OLD_CHARACTER_SET_RESULTS */;
/*!40101 SET COLLATION_CONNECTION=@OLD_COLLATION_CONNECTION */;
